id,player_cost,first_name,second_name,player_form,status,minutes,player_position,goals_scored,assists,clean_sheets,expected_goals,expected_assists,goals_conceded,expected_goals_conceded,influence,creativity,threat,bonus,penalties_saved,saves,yellow_cards,red_cards,gw1_points,gw2_points,gw3_points,gw4_points,gw5_points,team_name,team_form,team_strength,total_points
1,5.4,Fábio,Ferreira Vieira,0.0,Unavailable,0,MID,0,0,0,0.00,0.00,0,0.00,0.0,0.0,0.0,0,0,0,0,0,0.0,0.0,0.0,0.0,0.0,Arsenal,,5,0.0
2,6.8,Gabriel,Fernando de Jesus,0.3,Available,18,FWD,0,0,0,0.00,0.00,1,0.97,10.2,0.8,0.0,0,0,0,2,0,0.0,0.0,0.0,1.0,0.0,Arsenal,,5,1.0
3,6.1,Gabriel,dos Santos Magalhães,8.0,Available,450,DEF,2,0,3,1.00,0.06,3,6.48,170.6,25.6,92.0,4,0,0,1,0,6.0,6.0,2.0,15.0,7.0,Arsenal,,5,36.0
4,8.1,Kai,Havertz,4.0,Available,450,FWD,2,1,3,1.63,0.12,3,6.48,136.0,60.4,144.0,5,0,0,0,0,12.0,2.0,8.0,2.0,2.0,Arsenal,,5,26.0
5,4.0,Karl,Hein,0.0,Unavailable,0,GKP,0,0,0,0.00,0.00,0,0.00,0.0,0.0,0.0,0,0,0,0,0,0.0,0.0,0.0,0.0,0.0,Arsenal,,5,0.0
6,5.5,Jurriën,Timber,2.7,Available,358,DEF,0,0,2,0.07,0.05,2,5.24,41.6,17.2,21.0,0,0,0,2,0,1.0,6.0,1.0,5.0,2.0,Arsenal,,5,15.0
7,4.9,Jorge Luiz,Frello Filho,0.7,Available,90,MID,0,0,1,0.00,0.00,0,0.74,0.4,1.8,0.0,0,0,0,1,0,0.0,0.0,0.0,2.0,0.0,Arsenal,,5,2.0
8,4.8,Jakub,Kiwior,0.3,Available,16,DEF,0,0,0,0.00,0.00,1,0.99,5.2,0.0,0.0,0,0,0,0,0,0.0,0.0,0.0,0.0,1.0,Arsenal,,5,1.0
9,6.9,Gabriel,Martinelli Silva,3.0,Available,335,MID,0,1,3,0.25,0.80,1,4.33,68.0,114.1,70.0,0,0,0,0,0,3.0,3.0,1.0,3.0,5.0,Arsenal,,5,15.0
12,4.5,Ethan,Nwaneri,0.3,Available,4,MID,0,0,0,0.00,0.00,0,0.09,8.2,0.4,0.0,0,0,0,0,0,0.0,0.0,0.0,1.0,0.0,Arsenal,,5,1.0
13,8.2,Martin,Ødegaard,0.7,Injured,253,MID,0,0,2,0.46,0.74,1,2.93,34.4,75.0,60.0,0,0,0,1,0,3.0,2.0,2.0,0.0,0.0,Arsenal,,5,7.0
15,5.6,David,Raya Martin,5.0,Available,450,GKP,0,0,3,0.00,0.01,3,6.48,193.8,0.0,0.0,6,0,23,1,0,8.0,10.0,2.0,9.0,4.0,Arsenal,,5,33.0
16,6.3,Declan,Rice,-0.3,Available,312,MID,0,0,2,0.19,0.20,3,3.84,42.0,28.4,37.0,0,0,0,2,1,3.0,2.0,-2.0,0.0,1.0,Arsenal,,5,4.0
17,10.0,Bukayo,Saka,5.7,Available,386,MID,1,5,3,1.40,1.43,2,4.65,172.4,174.1,206.0,4,0,0,1,0,12.0,6.0,6.0,7.0,4.0,Arsenal,,5,35.0
18,6.0,William,Saliba,2.7,Available,450,DEF,0,0,3,0.00,0.03,3,6.48,93.0,4.1,2.0,0,0,0,1,0,6.0,6.0,2.0,5.0,1.0,Arsenal,,5,20.0
20,5.0,Thomas,Partey,1.7,Available,450,MID,1,0,3,0.16,0.23,3,6.48,104.8,56.8,11.0,3,0,0,2,0,3.0,11.0,1.0,3.0,1.0,Arsenal,,5,19.0
21,4.4,Kieran,Tierney,0.0,Injured,0,DEF,0,0,0,0.00,0.00,0,0.00,0.0,0.0,0.0,0,0,0,0,0,0.0,0.0,0.0,0.0,0.0,Arsenal,,5,0.0
22,4.8,Tomiyasu,Takehiro,0.0,Injured,0,DEF,0,0,0,0.00,0.00,0,0.00,0.0,0.0,0.0,0,0,0,0,0,0.0,0.0,0.0,0.0,0.0,Arsenal,,5,0.0
23,6.9,Leandro,Trossard,0.7,Available,224,MID,1,0,1,0.34,0.13,3,2.45,56.6,37.2,56.0,1,0,0,0,1,1.0,7.0,1.0,3.0,-2.0,Arsenal,,5,10.0
24,6.5,Benjamin,White,3.0,Available,405,DEF,0,0,3,0.11,0.09,2,5.88,62.6,10.9,17.0,0,0,0,0,0,6.0,6.0,2.0,6.0,1.0,Arsenal,,5,21.0
25,4.8,Oleksandr,Zinchenko,0.3,Doubtful,78,DEF,0,0,1,0.00,0.04,0,0.60,7.2,4.9,6.0,0,0,0,0,0,6.0,0.0,1.0,0.0,0.0,Arsenal,,5,7.0
73,4.3,Norberto,Murara Neto,0.8,Available,180,GKP,0,0,0,0.00,0.00,2,2.91,77.8,0.0,0.0,0,0,11,0,0,4.0,3.0,0.0,0.0,0.0,Arsenal,,5,7.0
186,6.8,Raheem,Sterling,0.2,Available,10,MID,0,0,0,0.00,0.00,0,0.13,0.0,0.0,2.0,0,0,0,0,0,0.0,0.0,0.0,1.0,0.0,Arsenal,,5,1.0
578,5.8,Riccardo,Calafiori,3.3,Available,115,DEF,1,0,0,0.02,0.00,1,2.22,47.4,0.4,9.0,1,0,0,0,0,0.0,1.0,1.0,0.0,9.0,Arsenal,,5,11.0
597,4.5,Myles,Lewis-Skelly,0.0,Available,1,MID,0,0,0,0.00,0.00,1,0.49,0.0,0.0,0.0,0,0,0,1,0,0.0,0.0,0.0,0.0,0.0,Arsenal,,5,0.0
633,6.0,Mikel,Merino,0.0,Injured,0,MID,0,0,0,0.00,0.00,0,0.00,0.0,0.0,0.0,0,0,0,0,0,,,0.0,0.0,0.0,Arsenal,,5,0.0
638,4.5,Salah-Eddine,Oulad M'hand,0.0,Available,0,MID,0,0,0,0.00,0.00,0,0.00,0.0,0.0,0.0,0,0,0,0,0,,,0.0,0.0,0.0,Arsenal,,5,0.0
639,4.5,Tommy,Setford,0.0,Available,0,GKP,0,0,0,0.00,0.00,0,0.00,0.0,0.0,0.0,0,0,0,0,0,,,0.0,0.0,0.0,Arsenal,,5,0.0
657,4.0,Maldini,Kacurri,0.0,Available,0,DEF,0,0,0,0.00,0.00,0,0.00,0.0,0.0,0.0,0,0,0,0,0,,,,0.0,0.0,Arsenal,,5,0.0
658,4.0,Ayden,Heaven,0.0,Available,0,DEF,0,0,0,0.00,0.00,0,0.00,0.0,0.0,0.0,0,0,0,0,0,,,,0.0,0.0,Arsenal,,5,0.0
659,4.5,Ismeal,Kabia,0.0,Available,0,MID,0,0,0,0.00,0.00,0,0.00,0.0,0.0,0.0,0,0,0,0,0,,,,0.0,0.0,Arsenal,,5,0.0
28,6.4,Leon,Bailey,0.7,Available,223,MID,0,0,0,0.32,0.57,3,2.26,18.2,62.9,49.0,0,0,0,1,0,1.0,2.0,1.0,0.0,1.0,Aston Villa,,3,5.0
29,5.3,Ross,Barkley,1.7,Available,115,MID,0,1,0,0.10,0.11,2,0.89,32.0,30.3,10.0,0,0,0,1,0,0.0,1.0,1.0,4.0,0.0,Aston Villa,,3,6.0
30,4.9,Enzo,Barrenechea,0.0,Unavailable,0,MID,0,0,0,0.00,0.00,0,0.00,0.0,0.0,0.0,0,0,0,0,0,0.0,0.0,0.0,0.0,0.0,Aston Villa,,3,0.0
31,5.3,Emiliano,Buendía Stati,0.7,Available,7,MID,0,0,0,0.00,0.01,0,0.09,0.6,1.8,2.0,0,0,0,0,0,0.0,0.0,0.0,1.0,1.0,Aston Villa,,3,2.0
32,4.4,Matty,Cash,0.0,Doubtful,96,DEF,0,0,0,0.00,0.01,1,1.53,9.6,12.4,4.0,0,0,0,0,0,2.0,1.0,0.0,0.0,0.0,Aston Villa,,3,3.0
33,4.5,Leander,Dendoncker,0.0,Unavailable,0,MID,0,0,0,0.00,0.00,0,0.00,0.0,0.0,0.0,0,0,0,0,0,0.0,0.0,0.0,0.0,0.0,Aston Villa,,3,0.0
34,6.5,Moussa,Diaby,0.0,Unavailable,0,MID,0,0,0,0.00,0.00,0,0.00,0.0,0.0,0.0,0,0,0,0,0,0.0,0.0,0.0,0.0,0.0,Aston Villa,,3,0.0
35,4.5,Diego Carlos,Santos Silva,0.7,Available,90,DEF,0,0,0,0.00,0.01,1,0.51,20.0,1.9,0.0,0,0,0,0,0,0.0,0.0,0.0,0.0,2.0,Aston Villa,,3,2.0
36,4.6,Lucas,Digne,4.0,Available,351,DEF,0,2,0,0.00,0.95,6,3.51,102.4,97.4,2.0,2,0,0,0,0,2.0,2.0,7.0,4.0,1.0,Aston Villa,,3,16.0
37,5.0,Lewis,Dobbin,0.0,Unavailable,0,MID,0,0,0,0.00,0.00,0,0.00,0.0,0.0,0.0,0,0,0,0,0,0.0,0.0,0.0,0.0,0.0,Aston Villa,,3,0.0
38,6.1,Jhon,Durán,6.0,Available,131,FWD,4,0,0,2.07,0.14,3,2.19,131.4,10.0,106.0,5,0,0,1,0,6.0,1.0,7.0,6.0,5.0,Aston Villa,,3,25.0
39,4.0,Joe,Gauci,0.0,Available,0,GKP,0,0,0,0.00,0.00,0,0.00,0.0,0.0,0.0,0,0,0,0,0,0.0,0.0,0.0,0.0,0.0,Aston Villa,,3,0.0
40,4.0,Kortney,Hause,0.0,Available,0,DEF,0,0,0,0.00,0.00,0,0.00,0.0,0.0,0.0,0,0,0,0,0,0.0,0.0,0.0,0.0,0.0,Aston Villa,,3,0.0
41,5.4,Samuel,Iling-Junior,0.0,Unavailable,0,MID,0,0,0,0.00,0.00,0,0.00,0.0,0.0,0.0,0,0,0,0,0,0.0,0.0,0.0,0.0,0.0,Aston Villa,,3,0.0
42,5.0,Boubacar,Kamara,0.0,Doubtful,0,MID,0,0,0,0.00,0.00,0,0.00,0.0,0.0,0.0,0,0,0,0,0,0.0,0.0,0.0,0.0,0.0,Aston Villa,,3,0.0
43,4.0,Kaine,Kesler-Hayden,0.0,Unavailable,0,DEF,0,0,0,0.00,0.00,0,0.00,0.0,0.0,0.0,0,0,0,0,0,0.0,0.0,0.0,0.0,0.0,Aston Villa,,3,0.0
44,4.5,Ezri,Konsa Ngoyo,4.0,Available,450,DEF,1,0,0,0.28,0.05,7,5.19,106.0,28.6,46.0,1,0,0,0,0,2.0,1.0,2.0,1.0,9.0,Aston Villa,,3,15.0
45,4.9,Ian,Maatsen,1.0,Available,107,DEF,0,0,0,0.01,0.55,1,1.72,22.6,63.4,12.0,0,0,0,0,0,1.0,1.0,1.0,1.0,1.0,Aston Villa,,3,5.0
46,4.0,Filip,Marschall,0.0,Unavailable,0,GKP,0,0,0,0.00,0.00,0,0.00,0.0,0.0,0.0,0,0,0,0,0,0.0,0.0,0.0,0.0,0.0,Aston Villa,,3,0.0
47,5.0,Emiliano,Martínez Romero,1.7,Available,450,GKP,0,0,0,0.00,0.00,7,5.19,93.4,0.0,0.0,0,0,10,1,0,3.0,1.0,2.0,0.0,3.0,Aston Villa,,3,9.0
48,5.4,John,McGinn,1.3,Doubtful,349,MID,0,0,1,0.51,0.54,5,3.41,12.2,39.9,36.0,0,0,0,1,0,2.0,3.0,1.0,2.0,1.0,Aston Villa,,3,9.0
49,4.4,Tyrone,Mings,0.0,Doubtful,0,DEF,0,0,0,0.00,0.00,0,0.00,0.0,0.0,0.0,0,0,0,0,0,0.0,0.0,0.0,0.0,0.0,Aston Villa,,3,0.0
50,4.0,Kosta,Nedeljković,0.3,Available,93,DEF,0,0,0,0.00,0.02,2,1.84,22.2,6.3,0.0,0,0,0,0,0,1.0,1.0,1.0,0.0,0.0,Aston Villa,,3,3.0
51,4.5,Robin,Olsen,0.0,Available,0,GKP,0,0,0,0.00,0.00,0,0.00,0.0,0.0,0.0,0,0,0,0,0,0.0,0.0,0.0,0.0,0.0,Aston Villa,,3,0.0
52,4.5,Pau,Torres,1.3,Available,450,DEF,0,0,0,0.00,0.08,7,5.19,70.6,20.6,0.0,0,0,0,1,0,2.0,1.0,2.0,1.0,1.0,Aston Villa,,3,7.0
53,5.5,Jacob,Ramsey,2.0,Available,245,MID,0,1,0,0.41,0.79,6,3.26,42.4,51.1,59.0,0,0,0,0,0,4.0,1.0,2.0,2.0,2.0,Aston Villa,,3,11.0
54,5.2,Morgan,Rogers,4.7,Available,450,MID,0,2,0,0.55,0.99,7,5.19,103.0,109.5,102.0,3,0,0,1,0,2.0,2.0,2.0,2.0,10.0,Aston Villa,,3,18.0
55,4.0,Viljami,Sinisalo,0.0,Unavailable,0,GKP,0,0,0,0.00,0.00,0,0.00,0.0,0.0,0.0,0,0,0,0,0,0.0,0.0,0.0,0.0,0.0,Aston Villa,,3,0.0
56,4.0,Lino,da Cruz Sousa,0.0,Unavailable,0,DEF,0,0,0,0.00,0.00,0,0.00,0.0,0.0,0.0,0,0,0,0,0,0.0,0.0,0.0,0.0,0.0,Aston Villa,,3,0.0
57,5.5,Youri,Tielemans,2.7,Available,450,MID,0,2,0,0.18,1.38,7,5.19,124.0,173.3,12.0,2,0,0,1,0,7.0,2.0,1.0,2.0,5.0,Aston Villa,,3,17.0
58,9.0,Ollie,Watkins,8.0,Available,358,FWD,3,1,2,3.10,0.14,4,3.13,118.6,51.7,176.0,3,0,0,0,0,2.0,2.0,5.0,13.0,6.0,Aston Villa,,3,28.0
233,5.2,Amadou,Onana,4.0,Available,332,MID,2,0,1,1.11,0.11,5,4.30,109.2,30.6,84.0,5,0,0,2,0,10.0,1.0,9.0,1.0,2.0,Aston Villa,,3,23.0
569,5.3,Jaden,Philogene,0.3,Injured,17,MID,0,0,0,0.07,0.01,0,1.15,1.0,1.5,4.0,0,0,0,1,0,0.0,0.0,0.0,1.0,0.0,Aston Villa,,3,1.0
598,4.0,Lamare,Bogarde,0.7,Available,168,DEF,0,0,0,0.00,0.08,3,1.30,28.8,15.5,0.0,0,0,0,1,0,0.0,0.0,1.0,1.0,0.0,Aston Villa,,3,2.0
640,4.0,Sil,Swinkels,0.0,Available,0,DEF,0,0,0,0.00,0.00,0,0.00,0.0,0.0,0.0,0,0,0,0,0,,,0.0,0.0,0.0,Aston Villa,,3,0.0
641,4.0,Oliwier,Zych,0.0,Available,0,GKP,0,0,0,0.00,0.00,0,0.00,0.0,0.0,0.0,0,0,0,0,0,,,0.0,0.0,0.0,Aston Villa,,3,0.0
656,4.5,Kadan,Young,0.0,Available,0,MID,0,0,0,0.00,0.00,0,0.00,0.0,0.0,0.0,0,0,0,0,0,,,,0.0,0.0,Aston Villa,,3,0.0
59,4.4,Max,Aarons,0.0,Available,0,DEF,0,0,0,0.00,0.00,0,0.00,0.0,0.0,0.0,0,0,0,0,0,0.0,0.0,0.0,0.0,0.0,Bournemouth,,3,0.0
60,4.9,Tyler,Adams,0.0,Injured,0,MID,0,0,0,0.00,0.00,0,0.00,0.0,0.0,0.0,0,0,0,0,0,0.0,0.0,0.0,0.0,0.0,Bournemouth,,3,0.0
61,4.5,Jaidon,Anthony,0.0,Unavailable,0,MID,0,0,0,0.00,0.00,0,0.00,0.0,0.0,0.0,0,0,0,0,0,0.0,0.0,0.0,0.0,0.0,Bournemouth,,3,0.0
62,4.9,David,Brooks,0.0,Available,0,MID,0,0,0,0.00,0.00,0,0.00,0.0,0.0,0.0,0,0,0,0,0,0.0,0.0,0.0,0.0,0.0,Bournemouth,,3,0.0
63,4.9,Ryan,Christie,1.8,Available,290,MID,0,0,2,0.08,0.15,5,4.36,35.4,82.1,21.0,0,0,0,3,0,1.0,2.0,2.0,2.0,1.0,Bournemouth,,3,8.0
64,5.0,Lewis,Cook,2.8,Available,443,MID,1,0,0,0.23,0.73,8,7.46,94.8,90.4,50.0,0,0,0,3,0,1.0,2.0,7.0,1.0,1.0,Bournemouth,,3,12.0
65,5.4,Enes,Ünal,0.5,Available,21,FWD,0,0,0,0.12,0.04,1,0.69,7.4,10.6,26.0,0,0,0,0,0,0.0,0.0,0.0,1.0,1.0,Bournemouth,,3,2.0
66,5.0,Romain,Faivre,0.0,Unavailable,0,MID,0,0,0,0.00,0.00,0,0.00,0.0,0.0,0.0,0,0,0,0,0,0.0,0.0,0.0,0.0,0.0,Bournemouth,,3,0.0
67,4.5,Hamed,Traorè,0.0,Unavailable,0,MID,0,0,0,0.00,0.00,0,0.00,0.0,0.0,0.0,0,0,0,0,0,0.0,0.0,0.0,0.0,0.0,Bournemouth,,3,0.0
68,4.0,James,Hill,0.0,Available,0,DEF,0,0,0,0.00,0.00,0,0.00,0.0,0.0,0.0,0,0,0,0,0,0.0,0.0,0.0,0.0,0.0,Bournemouth,,3,0.0
69,4.5,Daniel,Jebbison,0.2,Unavailable,26,FWD,0,0,0,0.00,0.00,0,0.34,3.2,10.6,2.0,0,0,0,0,0,1.0,1.0,0.0,0.0,0.0,Bournemouth,,3,2.0
70,4.5,Milos,Kerkez,1.5,Available,425,DEF,0,0,0,0.09,0.17,8,7.46,62.4,62.1,12.0,0,0,0,1,0,1.0,2.0,1.0,2.0,1.0,Bournemouth,,3,7.0
71,5.4,Justin,Kluivert,2.5,Available,306,MID,0,1,2,0.57,0.44,5,4.41,47.4,81.4,96.0,0,0,0,3,0,0.0,3.0,5.0,2.0,0.0,Bournemouth,,3,10.0
72,4.4,Chris,Mepham,0.0,Unavailable,0,DEF,0,0,0,0.00,0.00,0,0.00,0.0,0.0,0.0,0,0,0,0,0,0.0,0.0,0.0,0.0,0.0,Bournemouth,,3,0.0
74,5.0,Dango,Ouattara,1.5,Available,155,MID,0,1,0,0.48,0.80,2,3.27,48.6,46.2,38.0,0,0,0,0,0,2.0,1.0,4.0,0.0,1.0,Bournemouth,,3,8.0
75,4.0,Alex,Paulsen,0.0,Unavailable,0,GKP,0,0,0,0.00,0.00,0,0.00,0.0,0.0,0.0,0,0,0,0,0,0.0,0.0,0.0,0.0,0.0,Bournemouth,,3,0.0
76,4.8,Philip,Billing,0.2,Available,21,MID,0,0,0,0.00,0.09,1,0.58,5.2,4.7,4.0,0,0,0,0,0,1.0,0.0,0.0,1.0,0.0,Bournemouth,,3,2.0
77,4.9,Alex,Scott,1.0,Available,155,MID,0,0,0,0.12,0.05,3,3.36,47.2,17.8,13.0,0,0,0,0,0,2.0,1.0,1.0,1.0,1.0,Bournemouth,,3,6.0
78,5.6,Antoine,Semenyo,3.5,Available,429,MID,2,1,0,1.66,1.34,8,7.31,114.0,61.9,202.0,1,0,0,2,0,8.0,5.0,6.0,1.0,2.0,Bournemouth,,3,22.0
79,4.8,Marcos,Senesi,0.8,Available,256,DEF,0,0,0,0.00,0.09,4,4.28,74.0,30.9,6.0,0,0,0,2,0,0.0,1.0,1.0,1.0,0.0,Bournemouth,,3,3.0
80,5.0,Luis,Sinisterra,3.5,Available,148,MID,1,1,0,1.00,0.32,3,3.03,81.6,63.6,148.0,2,0,0,0,0,2.0,1.0,11.0,1.0,1.0,Bournemouth,,3,16.0
81,4.5,Adam,Smith,2.0,Available,174,DEF,0,0,1,0.00,0.01,1,2.03,30.6,14.9,0.0,0,0,0,1,0,2.0,1.0,1.0,5.0,1.0,Bournemouth,,3,10.0
83,5.5,Marcus,Tavernier,4.0,Available,436,MID,1,0,1,2.04,0.71,7,7.37,108.4,197.5,169.0,2,0,0,0,0,2.0,9.0,2.0,3.0,2.0,Bournemouth,,3,18.0
84,4.4,Mark,Travers,0.5,Available,90,GKP,0,0,0,0.00,0.00,1,0.78,14.4,0.0,0.0,0,0,2,0,0,0.0,0.0,0.0,2.0,0.0,Bournemouth,,3,2.0
85,4.5,Illia,Zabarnyi,1.5,Available,450,DEF,0,0,0,0.19,0.05,8,7.72,93.2,13.7,10.0,0,0,0,0,0,2.0,2.0,1.0,2.0,1.0,Bournemouth,,3,8.0
152,4.5,Kepa,Arrizabalaga,1.8,Available,180,GKP,0,0,0,0.00,0.00,5,4.03,103.4,0.0,0.0,0,0,15,0,0,0.0,0.0,3.0,0.0,4.0,Bournemouth,,3,7.0
580,4.4,Dean,Huijsen,0.2,Available,193,DEF,0,0,0,0.04,0.01,4,3.44,39.0,31.4,4.0,0,0,0,1,0,2.0,0.0,1.0,0.0,0.0,Bournemouth,,3,3.0
592,4.5,Julián,Araujo Zúñiga,1.2,Available,272,DEF,0,0,0,0.00,0.03,7,5.70,30.0,6.0,2.0,0,0,0,0,0,1.0,2.0,1.0,1.0,1.0,Bournemouth,,3,6.0
599,4.0,Will,Dennis,0.0,Available,0,GKP,0,0,0,0.00,0.00,0,0.00,0.0,0.0,0.0,0,0,0,0,0,0.0,0.0,0.0,0.0,0.0,Bournemouth,,3,0.0
617,5.9,Francisco Evanilson,de Lima Barbosa,1.5,Available,277,FWD,0,0,2,1.90,0.39,5,4.43,17.4,39.5,84.0,0,0,0,0,0,,2.0,2.0,0.0,2.0,Bournemouth,,3,6.0
86,4.5,Kristoffer,Ajer,0.8,Available,367,DEF,0,0,0,0.28,0.04,7,8.78,37.0,30.1,39.0,0,0,0,1,0,2.0,1.0,1.0,1.0,0.0,Brentford,,3,5.0
87,4.5,Ethan,Brierley,0.0,Available,0,MID,0,0,0,0.00,0.00,0,0.00,0.0,0.0,0.0,0,0,0,0,0,0.0,0.0,0.0,0.0,0.0,Brentford,,3,0.0
88,4.5,Nathan,Collins,1.8,Available,450,DEF,0,2,0,0.53,0.02,9,11.08,158.4,3.4,86.0,1,0,0,1,0,6.0,1.0,5.0,0.0,1.0,Brentford,,3,13.0
89,5.0,Mikkel,Damsgaard,2.0,Available,282,MID,0,0,1,0.32,0.40,5,7.68,59.4,71.4,65.0,0,0,0,0,0,1.0,1.0,3.0,2.0,2.0,Brentford,,3,9.0
90,4.9,Josh,Dasilva,0.0,Injured,0,MID,0,0,0,0.00,0.00,0,0.00,0.0,0.0,0.0,0,0,0,0,0,0.0,0.0,0.0,0.0,0.0,Brentford,,3,0.0
91,4.5,Mark,Flekken,2.8,Available,450,GKP,0,0,0,0.00,0.02,9,11.08,234.0,0.0,0.0,0,0,28,0,0,4.0,3.0,3.0,2.0,3.0,Brentford,,3,15.0
92,4.4,Rico,Henry,0.0,Injured,0,DEF,0,0,0,0.00,0.00,0,0.00,0.0,0.0,0.0,0,0,0,0,0,0.0,0.0,0.0,0.0,0.0,Brentford,,3,0.0
93,4.4,Aaron,Hickey,0.0,Injured,0,DEF,0,0,0,0.00,0.00,0,0.00,0.0,0.0,0.0,0,0,0,0,0,0.0,0.0,0.0,0.0,0.0,Brentford,,3,0.0
94,4.9,Vitaly,Janelt,2.2,Available,380,MID,0,0,1,0.07,0.20,8,8.66,38.4,40.8,7.0,0,0,0,0,0,2.0,2.0,3.0,2.0,2.0,Brentford,,3,11.0
95,5.4,Mathias,Jensen,1.8,Injured,238,MID,0,1,0,0.10,0.46,3,4.17,38.8,84.8,5.0,1,0,0,1,0,2.0,1.0,6.0,0.0,0.0,Brentford,,3,9.0
96,4.0,Kim,Ji-soo,0.0,Available,0,DEF,0,0,0,0.00,0.00,0,0.00,0.0,0.0,0.0,0,0,0,0,0,0.0,0.0,0.0,0.0,0.0,Brentford,,3,0.0
97,4.5,Yunus Emre,Konak,0.2,Available,11,MID,0,0,0,0.00,0.00,1,0.51,1.2,0.7,0.0,0,0,0,0,0,0.0,0.0,0.0,0.0,1.0,Brentford,,3,1.0
98,5.0,Keane,Lewis-Potter,2.5,Available,276,MID,0,1,0,0.10,0.21,7,8.88,63.0,35.1,41.0,0,0,0,0,0,1.0,2.0,1.0,2.0,5.0,Brentford,,3,11.0
99,7.2,Bryan,Mbeumo,6.2,Available,449,MID,4,0,0,1.76,1.28,9,11.08,181.6,160.4,144.0,6,0,0,2,0,9.0,1.0,14.0,2.0,8.0,Brentford,,3,34.0
100,4.4,Ben,Mee,0.0,Available,1,DEF,0,0,0,0.00,0.00,0,0.00,0.0,0.1,0.0,0,0,0,0,0,1.0,0.0,0.0,0.0,0.0,Brentford,,3,1.0
101,4.9,Christian,Nørgaard,1.2,Doubtful,360,MID,0,0,0,0.37,0.07,6,7.56,66.8,47.2,17.0,0,0,0,1,0,2.0,1.0,2.0,2.0,0.0,Brentford,,3,7.0
102,4.9,Frank,Onyeka,0.2,Unavailable,23,MID,0,0,0,0.00,0.02,0,0.69,0.0,0.5,0.0,0,0,0,0,0,1.0,1.0,0.0,0.0,0.0,Brentford,,3,2.0
103,4.5,Myles,Peart-Harris,0.0,Unavailable,0,MID,0,0,0,0.00,0.00,0,0.00,0.0,0.0,0.0,0,0,0,0,0,0.0,0.0,0.0,0.0,0.0,Brentford,,3,0.0
104,4.5,Ethan,Pinnock,1.0,Available,450,DEF,0,0,0,0.23,0.04,9,11.08,105.8,2.1,72.0,0,0,0,1,0,0.0,1.0,1.0,1.0,1.0,Brentford,,3,4.0
105,4.5,Mads,Roerslev Rasmussen,1.0,Available,260,DEF,0,0,0,0.01,0.18,5,6.12,25.0,15.7,9.0,0,0,0,0,0,2.0,1.0,1.0,1.0,1.0,Brentford,,3,6.0
106,5.4,Kevin,Schade,2.2,Available,236,MID,0,1,1,0.42,0.03,2,3.67,27.8,27.0,56.0,0,0,0,0,0,2.0,1.0,6.0,1.0,1.0,Brentford,,3,11.0
107,5.9,Igor Thiago,Nascimento Rodrigues,0.0,Injured,0,FWD,0,0,0,0.00,0.00,0,0.00,0.0,0.0,0.0,0,0,0,0,0,0.0,0.0,0.0,0.0,0.0,Brentford,,3,0.0
108,7.3,Ivan,Toney,0.0,Unavailable,0,FWD,0,0,0,0.00,0.00,0,0.00,0.0,0.0,0.0,0,0,0,0,0,0.0,0.0,0.0,0.0,0.0,Brentford,,3,0.0
109,4.0,Hákon,Valdimarsson,0.0,Available,0,GKP,0,0,0,0.00,0.00,0,0.00,0.0,0.0,0.0,0,0,0,0,0,0.0,0.0,0.0,0.0,0.0,Brentford,,3,0.0
110,6.0,Yoane,Wissa,4.2,Injured,290,FWD,3,1,0,2.43,0.27,6,5.38,130.2,56.9,150.0,7,0,0,1,0,11.0,2.0,8.0,7.0,0.0,Brentford,,3,28.0
111,4.5,Yehor,Yarmoliuk,0.8,Available,68,MID,0,0,0,0.04,0.01,2,3.01,17.2,5.4,1.0,0,0,0,0,0,0.0,0.0,0.0,1.0,2.0,Brentford,,3,3.0
112,4.5,Mathias,Jorgensen,0.0,Unavailable,0,DEF,0,0,0,0.00,0.00,0,0.00,0.0,0.0,0.0,0,0,0,0,0,0.0,0.0,0.0,0.0,0.0,Brentford,,3,0.0
314,4.8,Fábio,Freitas Gouveia Carvalho,1.2,Available,142,MID,0,0,0,0.08,0.35,5,6.25,15.6,25.0,21.0,0,0,0,0,0,1.0,1.0,1.0,1.0,2.0,Brentford,,3,6.0
338,4.0,Sepp,van den Berg,0.8,Available,195,DEF,0,0,0,0.00,0.22,6,6.22,41.6,12.4,4.0,0,0,0,0,0,0.0,0.0,1.0,1.0,1.0,Brentford,,3,3.0
602,4.5,Ryan,Trevitt,0.2,Available,3,MID,0,0,0,0.00,0.00,0,0.00,2.6,0.1,0.0,0,0,0,0,0,0.0,0.0,0.0,0.0,1.0,Brentford,,3,1.0
634,5.0,Gustavo,Nunes Fernandes Gomes,0.0,Injured,0,MID,0,0,0,0.00,0.00,0,0.00,0.0,0.0,0.0,0,0,0,0,0,,,0.0,0.0,0.0,Brentford,,3,0.0
649,4.0,Jayden,Meghoma,0.0,Available,0,DEF,0,0,0,0.00,0.00,0,0.00,0.0,0.0,0.0,0,0,0,0,0,,,,0.0,0.0,Brentford,,3,0.0
661,4.5,Tony,Yogane,0.0,Available,0,MID,0,0,0,0.00,0.00,0,0.00,0.0,0.0,0.0,0,0,0,0,0,,,,,0.0,Brentford,,3,0.0
113,5.5,Simon,Adingra,1.3,Available,134,MID,1,1,0,0.32,0.65,1,1.31,58.4,32.5,49.0,0,0,0,0,0,6.0,4.0,1.0,1.0,2.0,Brighton,,3,14.0
114,4.5,Benicio,Baker-Boaitey,0.0,Unavailable,0,MID,0,0,0,0.00,0.00,0,0.00,0.0,0.0,0.0,0,0,0,0,0,0.0,0.0,0.0,0.0,0.0,Brighton,,3,0.0
115,5.0,Carlos,Baleba,2.0,Available,258,MID,0,0,1,0.41,0.08,2,3.39,31.0,33.5,27.0,0,0,0,1,0,0.0,1.0,2.0,3.0,1.0,Brighton,,3,7.0
116,4.0,Valentín,Barco,0.0,Unavailable,0,DEF,0,0,0,0.00,0.00,0,0.00,0.0,0.0,0.0,0,0,0,0,0,0.0,0.0,0.0,0.0,0.0,Brighton,,3,0.0
118,4.5,Amario,Cozier-Duberry,0.0,Unavailable,0,MID,0,0,0,0.00,0.00,0,0.00,0.0,0.0,0.0,0,0,0,0,0,0.0,0.0,0.0,0.0,0.0,Brighton,,3,0.0
119,4.9,Mahmoud,Dahoud,0.0,Unavailable,0,MID,0,0,0,0.00,0.00,0,0.00,0.0,0.0,0.0,0,0,0,0,0,0.0,0.0,0.0,0.0,0.0,Brighton,,3,0.0
120,4.6,Lewis,Dunk,2.7,Available,435,DEF,0,0,2,0.16,0.28,4,5.84,77.4,57.7,10.0,0,0,0,1,0,6.0,2.0,2.0,6.0,0.0,Brighton,,3,16.0
121,5.4,Julio,Enciso,0.7,Available,39,MID,0,0,0,0.08,0.12,0,0.24,13.6,42.1,10.0,0,0,0,0,0,0.0,1.0,1.0,1.0,0.0,Brighton,,3,3.0
122,5.0,Pervis,Estupiñán,0.7,Available,99,DEF,0,0,0,0.06,0.24,2,2.47,15.2,75.0,16.0,0,0,0,0,0,0.0,0.0,1.0,0.0,1.0,Brighton,,3,2.0
123,5.5,Evan,Ferguson,0.7,Available,13,FWD,0,0,0,0.11,0.00,0,0.00,0.0,0.0,6.0,0,0,0,0,0,0.0,0.0,0.0,1.0,1.0,Brighton,,3,2.0
124,5.0,Billy,Gilmour,0.0,Unavailable,97,MID,0,0,0,0.08,0.04,1,1.32,11.4,11.9,2.0,0,0,0,0,0,1.0,2.0,0.0,0.0,0.0,Brighton,,3,3.0
125,6.5,Pascal,Groß,0.0,Unavailable,0,MID,0,0,0,0.00,0.00,0,0.00,0.0,0.0,0.0,0,0,0,0,0,0.0,0.0,0.0,0.0,0.0,Brighton,,3,0.0
126,5.0,Jack,Hinshelwood,4.7,Available,426,MID,1,0,2,0.32,0.60,4,5.70,81.4,83.9,48.0,3,0,0,1,0,3.0,2.0,2.0,2.0,10.0,Brighton,,3,19.0
127,5.0,Ibrahim,Osman,0.0,Unavailable,0,MID,0,0,0,0.00,0.00,0,0.00,0.0,0.0,0.0,0,0,0,0,0,0.0,0.0,0.0,0.0,0.0,Brighton,,3,0.0
128,4.4,Igor Julio,dos Santos de Paulo,0.0,Available,0,DEF,0,0,0,0.00,0.00,0,0.00,0.0,0.0,0.0,0,0,0,0,0,0.0,0.0,0.0,0.0,0.0,Brighton,,3,0.0
129,5.6,João Pedro,Junqueira de Jesus,3.0,Available,280,FWD,2,0,1,0.90,0.26,2,3.96,98.8,50.6,97.0,5,0,0,1,0,2.0,8.0,8.0,0.0,1.0,Brighton,,3,19.0
130,4.5,Kacper,Kozłowski,0.0,Unavailable,0,MID,0,0,0,0.00,0.00,0,0.00,0.0,0.0,0.0,0,0,0,0,0,0.0,0.0,0.0,0.0,0.0,Brighton,,3,0.0
131,4.5,Tariq,Lamptey,0.0,Available,0,DEF,0,0,0,0.00,0.00,0,0.00,0.0,0.0,0.0,0,0,0,0,0,0.0,0.0,0.0,0.0,0.0,Brighton,,3,0.0
132,6.5,Solly,March,0.0,Injured,0,MID,0,0,0,0.00,0.00,0,0.00,0.0,0.0,0.0,0,0,0,0,0,0.0,0.0,0.0,0.0,0.0,Brighton,,3,0.0
133,4.5,Adrian,Mazilu,0.0,Unavailable,0,MID,0,0,0,0.00,0.00,0,0.00,0.0,0.0,0.0,0,0,0,0,0,0.0,0.0,0.0,0.0,0.0,Brighton,,3,0.0
134,5.0,James,Milner,0.3,Doubtful,169,MID,0,0,1,0.16,0.15,1,1.98,28.6,66.3,12.0,0,0,0,1,0,2.0,2.0,1.0,0.0,0.0,Brighton,,3,5.0
135,5.5,Yankuba,Minteh,2.3,Available,300,MID,0,2,1,0.48,1.16,3,3.58,50.2,119.2,74.0,0,0,0,2,0,4.0,2.0,4.0,2.0,1.0,Brighton,,3,13.0
136,6.7,Mitoma,Kaoru,3.3,Available,441,MID,1,2,2,1.66,1.00,4,5.73,97.6,85.9,166.0,1,0,0,0,0,8.0,6.0,2.0,3.0,5.0,Brighton,,3,24.0
137,4.4,Jakub,Moder,0.0,Available,0,MID,0,0,0,0.00,0.00,0,0.00,0.0,0.0,0.0,0,0,0,0,0,0.0,0.0,0.0,0.0,0.0,Brighton,,3,0.0
138,4.5,Mark,O’Mahony,0.0,Unavailable,0,FWD,0,0,0,0.00,0.00,0,0.00,0.0,0.0,0.0,0,0,0,0,0,0.0,0.0,0.0,0.0,0.0,Brighton,,3,0.0
139,4.0,Odeluga,Offiah,0.0,Unavailable,0,DEF,0,0,0,0.00,0.00,0,0.00,0.0,0.0,0.0,0,0,0,0,0,0.0,0.0,0.0,0.0,0.0,Brighton,,3,0.0
140,4.5,Cameron,Peupion,0.0,Available,0,MID,0,0,0,0.00,0.00,0,0.00,0.0,0.0,0.0,0,0,0,0,0,0.0,0.0,0.0,0.0,0.0,Brighton,,3,0.0
141,4.9,Jeremy,Sarmiento Morante,0.0,Unavailable,8,MID,0,0,0,0.00,0.00,0,0.00,0.2,0.8,0.0,0,0,0,0,0,1.0,0.0,0.0,0.0,0.0,Brighton,,3,1.0
142,4.5,Jason,Steele,0.0,Available,180,GKP,0,0,1,0.00,0.00,1,1.88,40.4,0.0,0.0,1,0,3,0,0,7.0,2.0,0.0,0.0,0.0,Brighton,,3,9.0
143,5.5,Deniz,Undav,0.0,Unavailable,0,FWD,0,0,0,0.00,0.00,0,0.00,0.0,0.0,0.0,0,0,0,0,0,0.0,0.0,0.0,0.0,0.0,Brighton,,3,0.0
144,4.5,Jan Paul,van Hecke,4.0,Available,450,DEF,0,1,2,0.05,0.13,4,5.84,108.4,23.9,14.0,0,0,0,1,0,6.0,1.0,2.0,6.0,4.0,Brighton,,3,19.0
145,4.5,Joël,Veltman,3.3,Available,431,DEF,0,0,2,0.05,0.49,4,4.89,73.6,35.8,11.0,4,0,0,1,0,8.0,2.0,2.0,7.0,1.0,Brighton,,3,20.0
146,4.5,Bart,Verbruggen,3.3,Available,270,GKP,0,0,1,0.00,0.00,3,3.96,80.4,0.0,0.0,0,0,9,1,0,0.0,0.0,4.0,5.0,1.0,Brighton,,3,10.0
147,4.4,Adam,Webster,0.0,Available,14,DEF,0,0,0,0.00,0.02,0,0.00,5.6,0.7,2.0,0,0,0,0,0,1.0,0.0,0.0,0.0,0.0,Brighton,,3,1.0
148,5.8,Danny,Welbeck,3.3,Available,426,FWD,3,1,2,1.96,0.26,4,5.73,145.4,72.8,178.0,7,0,0,1,0,12.0,9.0,2.0,2.0,6.0,Brighton,,3,31.0
149,4.9,Mats,Wieffer,0.3,Available,118,MID,0,1,1,0.00,0.03,1,1.12,40.4,28.7,2.0,0,0,0,0,0,6.0,0.0,0.0,0.0,1.0,Brighton,,3,7.0
595,5.4,Brajan,Gruda,0.0,Doubtful,0,MID,0,0,0,0.00,0.00,0,0.00,0.0,0.0,0.0,0,0,0,0,0,0.0,0.0,0.0,0.0,0.0,Brighton,,3,0.0
600,5.0,Yasin,Ayari,1.7,Available,165,MID,0,0,1,0.52,0.39,1,2.32,33.6,41.1,50.0,0,0,0,0,0,1.0,1.0,2.0,3.0,0.0,Brighton,,3,7.0
601,5.0,Andrew,Moran,0.0,Unavailable,0,MID,0,0,0,0.00,0.00,0,0.00,0.0,0.0,0.0,0,0,0,0,0,0.0,0.0,0.0,0.0,0.0,Brighton,,3,0.0
615,4.0,Carl,Rushworth,0.0,Unavailable,0,GKP,0,0,0,0.00,0.00,0,0.00,0.0,0.0,0.0,0,0,0,0,0,0.0,0.0,0.0,0.0,0.0,Brighton,,3,0.0
618,5.5,Georginio,Rutter,2.0,Available,155,MID,0,0,1,0.85,0.16,2,2.78,7.0,43.4,63.0,0,0,0,0,0,,1.0,1.0,3.0,2.0,Brighton,,3,7.0
628,4.5,Ferdi,Kadioglu,0.3,Available,23,DEF,0,0,0,0.03,0.02,0,0.14,8.8,21.5,2.0,0,0,0,0,0,,,0.0,1.0,0.0,Brighton,,3,1.0
629,5.5,Matt,O'Riley,0.0,Injured,0,MID,0,0,0,0.00,0.00,0,0.00,0.0,0.0,0.0,0,0,0,0,0,,,0.0,0.0,0.0,Brighton,,3,0.0
150,4.5,Andrey,Nascimento dos Santos,0.0,Unavailable,0,MID,0,0,0,0.00,0.00,0,0.00,0.0,0.0,0.0,0,0,0,0,0,0.0,0.0,0.0,0.0,0.0,Chelsea,,3,0.0
151,4.5,Ângelo Gabriel,Borges Damaceno,0.0,Unavailable,0,MID,0,0,0,0.00,0.00,0,0.00,0.0,0.0,0.0,0,0,0,0,0,0.0,0.0,0.0,0.0,0.0,Chelsea,,3,0.0
153,4.4,Benoît,Badiashile,0.0,Available,0,DEF,0,0,0,0.00,0.00,0,0.00,0.0,0.0,0.0,0,0,0,0,0,0.0,0.0,0.0,0.0,0.0,Chelsea,,3,0.0
154,4.0,Lucas,Bergström,0.0,Available,0,GKP,0,0,0,0.00,0.00,0,0.00,0.0,0.0,0.0,0,0,0,0,0,0.0,0.0,0.0,0.0,0.0,Chelsea,,3,0.0
155,4.0,Marcus,Bettinelli,0.0,Available,0,GKP,0,0,0,0.00,0.00,0,0.00,0.0,0.0,0.0,0,0,0,0,0,0.0,0.0,0.0,0.0,0.0,Chelsea,,3,0.0
157,4.9,Moisés,Caicedo Corozo,3.2,Available,435,MID,0,1,2,0.13,0.62,5,5.64,112.6,62.9,9.0,0,0,0,1,0,1.0,2.0,2.0,3.0,6.0,Chelsea,,3,14.0
158,4.5,Cesare,Casadei,0.0,Available,0,MID,0,0,0,0.00,0.00,0,0.00,0.0,0.0,0.0,0,0,0,0,0,0.0,0.0,0.0,0.0,0.0,Chelsea,,3,0.0
160,4.8,Ben,Chilwell,0.0,Available,0,DEF,0,0,0,0.00,0.00,0,0.00,0.0,0.0,0.0,0,0,0,0,0,0.0,0.0,0.0,0.0,0.0,Chelsea,,3,0.0
161,4.9,Carney,Chukwuemeka,0.0,Available,0,MID,0,0,0,0.00,0.00,0,0.00,0.0,0.0,0.0,0,0,0,0,0,0.0,0.0,0.0,0.0,0.0,Chelsea,,3,0.0
162,4.5,Levi,Colwill,3.8,Available,450,DEF,0,0,2,0.18,0.48,5,5.76,109.4,35.2,28.0,1,0,0,1,0,1.0,1.0,2.0,5.0,7.0,Chelsea,,3,16.0
163,5.0,Marc,Cucurella Saseta,3.0,Available,431,DEF,0,0,2,0.00,0.24,4,5.56,68.0,18.6,10.0,0,0,0,3,0,2.0,0.0,2.0,5.0,5.0,Chelsea,,3,14.0
164,5.4,David Datro,Fofana,0.0,Unavailable,0,FWD,0,0,0,0.00,0.00,0,0.00,0.0,0.0,0.0,0,0,0,0,0,0.0,0.0,0.0,0.0,0.0,Chelsea,,3,0.0
165,5.0,Deivid Washington,de Souza Eugênio,0.0,Available,0,FWD,0,0,0,0.00,0.00,0,0.00,0.0,0.0,0.0,0,0,0,0,0,0.0,0.0,0.0,0.0,0.0,Chelsea,,3,0.0
166,5.8,Kiernan,Dewsbury-Hall,0.5,Available,44,MID,0,0,0,0.00,0.03,1,0.34,7.4,12.4,0.0,0,0,0,0,0,1.0,1.0,0.0,0.0,1.0,Chelsea,,3,3.0
167,4.4,Axel,Disasi,1.8,Available,94,DEF,0,0,1,0.00,0.00,0,1.90,13.0,1.5,0.0,0,0,0,0,0,0.0,0.0,0.0,6.0,1.0,Chelsea,,3,7.0
168,5.0,Enzo,Fernández,1.8,Available,353,MID,0,0,1,0.22,0.33,5,3.87,50.0,93.0,34.0,0,0,0,0,0,2.0,2.0,2.0,0.0,3.0,Chelsea,,3,9.0
169,5.9,Conor,Gallagher,0.0,Unavailable,0,MID,0,0,0,0.00,0.00,0,0.00,0.0,0.0,0.0,0,0,0,0,0,0.0,0.0,0.0,0.0,0.0,Chelsea,,3,0.0
170,4.0,Alfie,Gilchrist,0.0,Unavailable,0,DEF,0,0,0,0.00,0.00,0,0.00,0.0,0.0,0.0,0,0,0,0,0,0.0,0.0,0.0,0.0,0.0,Chelsea,,3,0.0
171,4.9,Malo,Gusto,0.5,Doubtful,253,DEF,0,0,0,0.03,0.11,5,2.82,28.2,21.6,14.0,0,0,0,1,0,1.0,0.0,2.0,0.0,0.0,Chelsea,,3,3.0
172,5.0,Reece,James,0.0,Injured,0,DEF,0,0,0,0.00,0.00,0,0.00,0.0,0.0,0.0,0,0,0,0,0,0.0,0.0,0.0,0.0,0.0,Chelsea,,3,0.0
173,4.5,Omari,Kellyman,0.0,Injured,0,MID,0,0,0,0.00,0.00,0,0.00,0.0,0.0,0.0,0,0,0,0,0,0.0,0.0,0.0,0.0,0.0,Chelsea,,3,0.0
174,4.5,Roméo,Lavia,0.0,Doubtful,65,MID,0,0,0,0.00,0.18,1,0.66,15.2,13.5,0.0,0,0,0,0,0,2.0,0.0,0.0,0.0,0.0,Chelsea,,3,2.0
175,6.3,Romelu,Lukaku Bolingoli,0.0,Unavailable,0,FWD,0,0,0,0.00,0.00,0,0.00,0.0,0.0,0.0,0,0,0,0,0,0.0,0.0,0.0,0.0,0.0,Chelsea,,3,0.0
176,4.5,Malang,Sarr,0.0,Unavailable,0,DEF,0,0,0,0.00,0.00,0,0.00,0.0,0.0,0.0,0,0,0,0,0,0.0,0.0,0.0,0.0,0.0,Chelsea,,3,0.0
177,6.6,Noni,Madueke,7.0,Available,325,MID,3,0,2,1.40,0.16,3,4.57,128.4,50.1,168.0,3,0,0,0,0,0.0,20.0,2.0,3.0,3.0,Chelsea,,3,28.0
178,4.9,Marc,Guiu Paz,0.0,Available,24,FWD,0,0,0,0.00,0.00,1,0.11,0.0,0.3,0.0,0,0,0,0,0,1.0,0.0,0.0,0.0,0.0,Chelsea,,3,1.0
179,6.3,Mykhailo,Mudryk,0.5,Available,61,MID,0,0,0,0.00,0.16,2,2.06,8.6,14.4,0.0,0,0,0,0,0,0.0,1.0,1.0,0.0,0.0,Chelsea,,3,2.0
180,7.7,Nicolas,Jackson,8.2,Available,363,FWD,4,2,2,3.05,0.14,4,5.02,183.0,76.8,212.0,5,0,0,2,0,2.0,10.0,6.0,1.0,16.0,Chelsea,,3,35.0
181,6.1,Christopher,Nkunku,2.5,Available,105,MID,1,0,0,1.04,0.14,1,1.47,51.6,38.3,73.0,1,0,0,0,0,1.0,1.0,1.0,7.0,1.0,Chelsea,,3,11.0
182,10.6,Cole,Palmer,8.5,Available,415,MID,2,4,2,1.27,1.07,5,5.36,181.4,173.5,66.0,4,0,0,2,0,2.0,17.0,6.0,3.0,8.0,Chelsea,,3,36.0
183,4.4,Đorđe,Petrović,0.0,Unavailable,0,GKP,0,0,0,0.00,0.00,0,0.00,0.0,0.0,0.0,0,0,0,0,0,0.0,0.0,0.0,0.0,0.0,Chelsea,,3,0.0
184,4.5,Renato,Palma Veiga,0.8,Available,107,MID,0,0,1,0.04,0.01,1,1.98,18.4,5.5,15.0,0,0,0,1,0,1.0,1.0,0.0,2.0,0.0,Chelsea,,3,4.0
185,4.6,Robert,Sánchez,7.0,Available,450,GKP,0,0,2,0.00,0.00,5,5.76,173.2,0.0,0.0,5,1,21,1,0,2.0,1.0,2.0,15.0,10.0,Chelsea,,3,30.0
187,4.4,Tosin,Adarabioyo,1.8,Available,118,DEF,0,0,1,0.00,0.00,0,1.07,35.6,10.9,0.0,0,0,0,0,0,0.0,0.0,0.0,1.0,6.0,Chelsea,,3,7.0
189,4.5,Wesley,Fofana,2.2,Available,416,DEF,0,0,1,0.04,0.08,5,5.41,72.8,47.1,12.0,2,0,0,3,0,1.0,1.0,1.0,7.0,0.0,Chelsea,,3,10.0
386,6.3,Jadon,Sancho,2.3,Available,101,MID,0,2,0,0.00,0.35,0,0.98,41.2,54.6,12.0,0,0,0,1,0,0.0,0.0,0.0,3.0,4.0,Chelsea,,3,7.0
560,6.3,Pedro,Lomba Neto,1.5,Available,212,MID,0,1,0,0.04,0.28,2,2.05,41.8,61.3,21.0,0,0,0,1,0,1.0,4.0,0.0,1.0,1.0,Chelsea,,3,7.0
575,4.0,Caleb,Wiley,0.0,Unavailable,0,DEF,0,0,0,0.00,0.00,0,0.00,0.0,0.0,0.0,0,0,0,0,0,0.0,0.0,0.0,0.0,0.0,Chelsea,,3,0.0
581,4.3,Filip,Jørgensen,0.0,Available,0,GKP,0,0,0,0.00,0.00,0,0.00,0.0,0.0,0.0,0,0,0,0,0,0.0,0.0,0.0,0.0,0.0,Chelsea,,3,0.0
621,6.4,João,Félix Sequeira,2.0,Available,109,MID,1,0,0,0.42,0.09,0,0.93,41.4,7.9,51.0,0,0,0,1,0,,6.0,1.0,0.0,1.0,Chelsea,,3,8.0
11,5.9,Eddie,Nketiah,1.3,Available,155,FWD,0,0,1,0.49,0.24,2,2.86,6.8,15.8,68.0,0,0,0,0,0,0.0,0.0,0.0,2.0,2.0,Crystal Palace,,3,4.0
159,4.4,Trevoh,Chalobah,0.0,Doubtful,0,DEF,0,0,0,0.00,0.00,0,0.00,0.0,0.0,0.0,0,0,0,0,0,0.0,0.0,0.0,0.0,0.0,Crystal Palace,,3,0.0
190,4.5,Naouirou,Ahamada,0.0,Unavailable,0,MID,0,0,0,0.00,0.00,0,0.00,0.0,0.0,0.0,0,0,0,0,0,0.0,0.0,0.0,0.0,0.0,Crystal Palace,,3,0.0
193,4.9,Cheick,Doucouré,1.7,Injured,91,MID,0,1,0,0.04,0.01,1,1.31,17.6,5.9,6.0,0,0,0,0,0,1.0,0.0,4.0,1.0,0.0,Crystal Palace,,3,6.0
194,4.5,Chris,Richards,2.7,Available,343,DEF,0,0,1,0.12,0.01,5,6.69,56.8,3.6,6.0,0,0,0,1,0,0.0,1.0,2.0,0.0,6.0,Crystal Palace,,3,9.0
195,4.4,Chadi,Riad Dnanou,0.0,Injured,90,DEF,0,0,0,0.00,0.02,2,1.39,18.2,1.3,0.0,0,0,0,0,0,0.0,1.0,0.0,0.0,0.0,Crystal Palace,,3,1.0
196,4.4,Nathaniel,Clyne,1.0,Available,153,DEF,0,0,0,0.00,0.02,3,3.49,26.0,2.0,2.0,0,0,0,0,0,0.0,0.0,2.0,1.0,0.0,Crystal Palace,,3,3.0
197,4.5,Malcolm,Ebiowei,0.0,Unavailable,0,MID,0,0,0,0.00,0.00,0,0.00,0.0,0.0,0.0,0,0,0,0,0,0.0,0.0,0.0,0.0,0.0,Crystal Palace,,3,0.0
199,6.9,Eberechi,Eze,5.0,Available,450,MID,1,0,1,2.01,0.75,7,8.18,90.6,162.6,165.0,3,0,0,0,0,2.0,2.0,10.0,2.0,3.0,Crystal Palace,,3,19.0
200,4.5,Marc,Guéhi,3.0,Available,450,DEF,0,0,1,0.00,0.10,7,8.18,114.2,15.0,4.0,0,0,0,1,0,0.0,1.0,2.0,1.0,6.0,Crystal Palace,,3,10.0
201,4.5,Dean,Henderson,4.7,Available,450,GKP,0,0,1,0.00,0.00,7,8.18,154.2,0.0,0.0,2,0,19,1,0,2.0,1.0,4.0,1.0,9.0,Crystal Palace,,3,17.0
202,4.4,Rob,Holding,0.0,Available,0,DEF,0,0,0,0.00,0.00,0,0.00,0.0,0.0,0.0,0,0,0,0,0,0.0,0.0,0.0,0.0,0.0,Crystal Palace,,3,0.0
203,4.9,Will,Hughes,0.3,Available,201,MID,0,0,0,0.03,0.08,4,3.85,25.0,18.8,23.0,0,0,0,2,0,2.0,0.0,0.0,1.0,0.0,Crystal Palace,,3,3.0
205,5.3,Daichi,Kamada,2.0,Available,299,MID,0,0,1,0.21,0.15,4,4.89,42.2,68.2,33.0,0,0,0,1,0,1.0,1.0,2.0,1.0,3.0,Crystal Palace,,3,8.0
206,4.9,Jefferson,Lerma Solís,0.3,Available,123,MID,0,0,1,0.05,0.33,1,2.06,10.4,28.9,6.0,0,0,0,1,0,1.0,2.0,0.0,0.0,1.0,Crystal Palace,,3,4.0
207,7.4,Jean-Philippe,Mateta,5.3,Available,338,FWD,2,0,0,1.68,0.25,6,6.41,69.2,44.7,75.0,3,0,0,0,0,1.0,2.0,2.0,13.0,1.0,Crystal Palace,,3,19.0
208,4.4,Matheus,França de Oliveira,0.0,Doubtful,0,MID,0,0,0,0.00,0.00,0,0.00,0.0,0.0,0.0,0,0,0,0,0,0.0,0.0,0.0,0.0,0.0,Crystal Palace,,3,0.0
209,4.0,Remi,Matthews,0.0,Available,0,GKP,0,0,0,0.00,0.00,0,0.00,0.0,0.0,0.0,0,0,0,0,0,0.0,0.0,0.0,0.0,0.0,Crystal Palace,,3,0.0
210,4.9,Tyrick,Mitchell,4.0,Available,448,DEF,0,1,1,0.24,0.85,7,8.18,111.2,134.8,38.0,0,0,0,0,0,1.0,1.0,2.0,4.0,6.0,Crystal Palace,,3,14.0
211,4.9,Daniel,Muñoz,2.7,Available,440,DEF,0,1,1,0.15,0.33,7,8.17,77.4,74.4,30.0,0,0,0,1,0,4.0,1.0,1.0,1.0,6.0,Crystal Palace,,3,13.0
212,4.5,David,Ozoh,0.0,Unavailable,0,MID,0,0,0,0.00,0.00,0,0.00,0.0,0.0,0.0,0,0,0,0,0,0.0,0.0,0.0,0.0,0.0,Crystal Palace,,3,0.0
213,4.5,Jesurun,Rak-Sakyi,0.0,Unavailable,0,MID,0,0,0,0.00,0.00,0,0.00,0.0,0.0,0.0,0,0,0,0,0,0.0,0.0,0.0,0.0,0.0,Crystal Palace,,3,0.0
214,4.9,Jeffrey,Schlupp,1.0,Available,13,MID,0,0,0,0.00,0.05,0,0.55,7.2,15.4,4.0,0,0,0,0,0,0.0,1.0,1.0,1.0,1.0,Crystal Palace,,3,4.0
215,4.4,Joel,Ward,0.0,Available,0,DEF,0,0,0,0.00,0.00,0,0.00,0.0,0.0,0.0,0,0,0,0,0,0.0,0.0,0.0,0.0,0.0,Crystal Palace,,3,0.0
216,4.9,Adam,Wharton,1.7,Available,388,MID,0,0,0,0.13,0.34,6,6.95,65.8,81.6,32.0,0,0,0,0,0,2.0,2.0,2.0,2.0,1.0,Crystal Palace,,3,9.0
445,4.0,Matt,Turner,0.0,Available,0,GKP,0,0,0,0.00,0.00,0,0.00,0.0,0.0,0.0,0,0,0,0,0,0.0,0.0,0.0,0.0,0.0,Crystal Palace,,3,0.0
585,5.8,Ismaïla,Sarr,2.0,Available,100,MID,0,1,0,0.49,0.74,1,1.06,18.2,59.9,71.0,0,0,0,0,0,1.0,1.0,1.0,4.0,1.0,Crystal Palace,,3,8.0
644,4.5,Franco,Umeh-Chibueze,0.0,Available,0,MID,0,0,0,0.00,0.00,0,0.00,0.0,0.0,0.0,0,0,0,0,0,,,0.0,0.0,0.0,Crystal Palace,,3,0.0
645,4.5,Justin,Devenny,0.0,Available,0,MID,0,0,0,0.00,0.00,0,0.00,0.0,0.0,0.0,0,0,0,0,0,,,0.0,0.0,0.0,Crystal Palace,,3,0.0
646,4.5,Asher,Agbinone,0.0,Available,0,MID,0,0,0,0.00,0.00,0,0.00,0.0,0.0,0.0,0,0,0,0,0,,,0.0,0.0,0.0,Crystal Palace,,3,0.0
647,4.5,Kaden,Rodney,0.0,Available,0,MID,0,0,0,0.00,0.00,0,0.00,0.0,0.0,0.0,0,0,0,0,0,,,0.0,0.0,0.0,Crystal Palace,,3,0.0
650,4.5,Maxence,Lacroix,3.0,Available,180,DEF,0,0,1,0.02,0.04,2,2.93,26.8,12.0,6.0,0,0,0,1,0,,,,1.0,5.0,Crystal Palace,,3,6.0
156,5.4,Armando,Broja,0.0,Injured,0,FWD,0,0,0,0.00,0.00,0,0.00,0.0,0.0,0.0,0,0,0,0,0,0.0,0.0,0.0,0.0,0.0,Everton,,3,0.0
217,5.3,Abdoulaye,Doucouré,1.0,Available,215,MID,0,0,0,0.23,0.03,8,4.99,17.8,9.3,17.0,0,0,0,0,0,2.0,1.0,1.0,0.0,2.0,Everton,,3,6.0
218,5.0,Norberto Bercique,Gomes Betuncal,0.7,Available,43,FWD,0,0,0,0.00,0.00,4,1.85,1.2,0.3,0.0,0,0,0,0,0,1.0,1.0,1.0,1.0,0.0,Everton,,3,4.0
219,4.8,Jarrad,Branthwaite,0.0,Doubtful,0,DEF,0,0,0,0.00,0.00,0,0.00,0.0,0.0,0.0,0,0,0,0,0,0.0,0.0,0.0,0.0,0.0,Everton,,3,0.0
220,6.0,Dominic,Calvert-Lewin,6.7,Available,413,FWD,2,1,0,1.38,0.42,10,7.32,98.4,30.4,152.0,3,0,0,0,0,2.0,2.0,12.0,6.0,2.0,Everton,,3,24.0
221,4.4,Séamus,Coleman,0.3,Injured,90,DEF,0,0,0,0.62,0.01,3,2.22,16.6,1.1,21.0,0,0,0,0,0,0.0,0.0,1.0,0.0,0.0,Everton,,3,1.0
222,4.9,Idrissa,Gueye,1.3,Doubtful,333,MID,0,0,0,0.20,0.08,12,7.48,39.8,10.3,26.0,0,0,0,0,0,2.0,2.0,2.0,2.0,0.0,Everton,,3,8.0
223,5.0,James,Garner,1.0,Available,154,MID,0,0,0,0.01,0.05,4,2.41,38.4,20.1,4.0,0,0,0,1,0,0.0,0.0,0.0,2.0,1.0,Everton,,3,3.0
224,5.4,Jack,Harrison,1.7,Available,322,MID,0,0,0,0.79,0.48,10,7.11,47.6,88.7,62.0,0,0,0,0,0,2.0,1.0,2.0,2.0,1.0,Everton,,3,8.0
225,4.0,Mason,Holgate,0.0,Unavailable,5,DEF,0,0,0,0.00,0.00,1,0.07,0.0,0.0,0.0,0,0,0,0,0,1.0,0.0,0.0,0.0,0.0,Everton,,3,1.0
226,4.5,Tim,Iroegbunam,1.0,Available,359,MID,0,0,0,0.21,0.08,13,7.97,43.6,26.9,29.0,0,0,0,2,0,2.0,2.0,1.0,1.0,1.0,Everton,,3,7.0
227,4.0,João,Neves Virgínia,0.0,Available,0,GKP,0,0,0,0.00,0.00,0,0.00,0.0,0.0,0.0,0,0,0,0,0,0.0,0.0,0.0,0.0,0.0,Everton,,3,0.0
228,4.0,Michael,Keane,2.7,Available,450,DEF,1,0,0,0.26,0.02,14,8.86,116.0,11.6,42.0,0,0,0,2,0,1.0,0.0,6.0,1.0,1.0,Everton,,3,9.0
229,4.9,Neal,Maupay,0.0,Unavailable,0,FWD,0,0,0,0.00,0.00,0,0.00,0.0,0.0,0.0,0,0,0,0,0,0.0,0.0,0.0,0.0,0.0,Everton,,3,0.0
230,5.4,Dwight,McNeil,6.7,Available,450,MID,1,2,0,0.24,2.76,14,8.86,137.6,307.8,59.0,3,0,0,0,0,2.0,2.0,6.0,12.0,2.0,Everton,,3,24.0
231,4.3,Vitalii,Mykolenko,0.7,Doubtful,295,DEF,0,0,0,0.00,0.06,10,6.45,44.4,17.8,4.0,0,0,0,0,0,1.0,0.0,1.0,1.0,0.0,Everton,,3,3.0
232,5.4,Iliman,Ndiaye,3.7,Available,302,FWD,1,0,1,0.51,0.13,7,4.14,83.0,53.0,84.0,2,0,0,1,0,1.0,1.0,2.0,1.0,8.0,Everton,,3,13.0
234,4.4,Nathan,Patterson,0.0,Doubtful,0,DEF,0,0,0,0.00,0.00,0,0.00,0.0,0.0,0.0,0,0,0,0,0,0.0,0.0,0.0,0.0,0.0,Everton,,3,0.0
235,4.8,Jordan,Pickford,2.0,Available,450,GKP,0,0,0,0.00,0.04,14,8.86,119.4,0.1,0.0,0,0,14,0,0,1.0,1.0,2.0,2.0,2.0,Everton,,3,8.0
236,4.8,James,Tarkowski,1.3,Available,450,DEF,0,0,0,0.37,0.23,14,8.86,89.0,32.8,40.0,0,0,0,1,0,0.0,0.0,1.0,1.0,2.0,Everton,,3,4.0
237,4.9,Youssef,Ramalho Chermiti,0.0,Injured,0,FWD,0,0,0,0.00,0.00,0,0.00,0.0,0.0,0.0,0,0,0,0,0,0.0,0.0,0.0,0.0,0.0,Everton,,3,0.0
238,4.5,Ashley,Young,2.0,Available,245,DEF,0,1,0,0.00,0.34,7,4.01,57.0,45.9,0.0,1,0,0,1,1,-2.0,0.0,0.0,0.0,6.0,Everton,,3,4.0
577,5.3,Jesper,Lindstrøm,1.3,Available,102,MID,0,0,1,0.51,0.06,2,1.27,19.8,17.2,50.0,0,0,0,0,0,0.0,1.0,0.0,1.0,3.0,Everton,,3,5.0
582,4.8,Jake,O'Brien,0.0,Available,26,DEF,0,0,0,0.00,0.00,1,0.72,4.0,0.4,0.0,0,0,0,1,0,0.0,0.0,0.0,0.0,0.0,Everton,,3,0.0
603,4.5,Harrison,Armstrong,0.0,Available,1,MID,0,0,0,0.00,0.00,0,0.00,0.0,0.1,2.0,0,0,0,0,0,0.0,1.0,0.0,0.0,0.0,Everton,,3,1.0
614,4.5,Jenson,Metcalfe,0.0,Unavailable,0,MID,0,0,0,0.00,0.00,0,0.00,0.0,0.0,0.0,0,0,0,0,0,0.0,0.0,0.0,0.0,0.0,Everton,,3,0.0
624,4.0,Asmir,Begovic,0.0,Available,0,GKP,0,0,0,0.00,0.00,0,0.00,0.0,0.0,0.0,0,0,0,0,0,,0.0,0.0,0.0,0.0,Everton,,3,0.0
627,4.0,Roman,Dixon,0.0,Available,90,DEF,0,0,0,0.00,0.00,4,2.43,15.4,0.3,0.0,0,0,0,0,0,,0.0,0.0,0.0,0.0,Everton,,3,0.0
651,5.0,Orel,Mangala,1.5,Available,116,MID,0,0,0,0.09,0.06,2,1.38,10.2,14.6,6.0,0,0,0,0,0,,,,1.0,2.0,Everton,,3,3.0
10,5.0,Reiss,Nelson,2.3,Available,42,MID,1,0,0,0.39,0.06,1,0.65,47.6,13.7,49.0,1,0,0,1,0,0.0,1.0,0.0,0.0,7.0,Fulham,,3,8.0
19,5.8,Emile,Smith Rowe,5.7,Available,357,MID,2,1,2,1.33,0.72,3,3.86,110.0,61.5,83.0,5,0,0,0,0,3.0,10.0,2.0,7.0,8.0,Fulham,,3,30.0
191,4.4,Joachim,Andersen,1.3,Available,270,DEF,0,0,0,0.11,0.04,4,3.89,67.8,15.0,27.0,0,0,0,1,0,0.0,0.0,0.0,2.0,2.0,Fulham,,3,4.0
239,5.1,Adama,Traoré,5.0,Available,398,MID,1,2,1,1.12,1.42,4,4.36,116.2,137.6,128.0,3,0,0,2,0,3.0,5.0,9.0,2.0,4.0,Fulham,,3,23.0
240,5.3,Andreas,Hoelgebaum Pereira,2.0,Available,412,MID,0,0,1,0.33,1.12,4,3.46,47.6,271.1,42.0,0,0,0,2,0,1.0,2.0,2.0,3.0,1.0,Fulham,,3,9.0
241,4.5,Calvin,Bassey,2.0,Available,450,DEF,0,0,0,0.18,0.03,5,5.79,71.0,4.4,14.0,0,0,0,1,0,1.0,2.0,2.0,2.0,2.0,Fulham,,3,9.0
242,4.0,Steven,Benda,0.0,Available,0,GKP,0,0,0,0.00,0.00,0,0.00,0.0,0.0,0.0,0,0,0,0,0,0.0,0.0,0.0,0.0,0.0,Fulham,,3,0.0
243,4.9,Tom,Cairney,0.7,Available,67,MID,0,0,0,0.00,0.18,2,1.63,12.0,28.0,4.0,0,0,0,2,0,0.0,0.0,1.0,1.0,0.0,Fulham,,3,2.0
244,4.3,Timothy,Castagne,0.0,Available,0,DEF,0,0,0,0.00,0.00,0,0.00,0.0,0.0,0.0,0,0,0,0,0,0.0,0.0,0.0,0.0,0.0,Fulham,,3,0.0
245,4.5,Issa,Diop,1.0,Available,276,DEF,0,0,0,0.17,0.02,3,3.79,50.8,12.3,13.0,0,0,0,0,0,2.0,2.0,2.0,0.0,1.0,Fulham,,3,7.0
246,4.5,Luke,Harris,0.0,Unavailable,0,MID,0,0,0,0.00,0.00,0,0.00,0.0,0.0,0.0,0,0,0,0,0,0.0,0.0,0.0,0.0,0.0,Fulham,,3,0.0
247,5.5,Alex,Iwobi,4.0,Available,421,MID,1,1,1,0.67,0.96,4,5.36,110.2,136.4,123.0,3,0,0,0,0,2.0,8.0,2.0,3.0,7.0,Fulham,,3,22.0
248,5.0,Bernd,Leno,2.3,Available,450,GKP,0,0,0,0.00,0.00,5,5.79,127.2,0.0,0.0,0,0,16,1,0,3.0,3.0,3.0,2.0,2.0,Fulham,,3,13.0
249,5.0,Saša,Lukić,1.0,Available,376,MID,0,0,1,0.00,0.13,3,3.27,47.2,38.6,2.0,0,0,0,3,0,2.0,2.0,1.0,2.0,0.0,Fulham,,3,7.0
250,4.0,Kevin,Mbabu,0.0,Unavailable,0,DEF,0,0,0,0.00,0.00,0,0.00,0.0,0.0,0.0,0,0,0,0,0,0.0,0.0,0.0,0.0,0.0,Fulham,,3,0.0
251,6.0,Rodrigo,Muniz Carvalho,2.3,Available,267,FWD,0,1,1,1.19,0.03,3,3.02,37.2,52.1,143.0,0,0,0,0,0,2.0,2.0,2.0,1.0,4.0,Fulham,,3,11.0
252,5.4,Raúl,Jiménez,5.3,Available,178,FWD,2,0,1,0.79,0.05,2,2.77,86.0,27.7,136.0,3,0,0,0,0,1.0,1.0,1.0,9.0,6.0,Fulham,,3,18.0
253,4.5,Tim,Ream,0.0,Unavailable,0,DEF,0,0,0,0.00,0.00,0,0.00,0.0,0.0,0.0,0,0,0,0,0,0.0,0.0,0.0,0.0,0.0,Fulham,,3,0.0
254,4.9,Harrison,Reed,0.7,Available,35,MID,0,0,0,0.00,0.09,1,2.34,6.4,16.2,6.0,0,0,0,1,0,1.0,1.0,1.0,1.0,0.0,Fulham,,3,4.0
255,4.7,Antonee,Robinson,2.7,Available,450,DEF,0,2,0,0.07,0.38,5,5.79,146.6,88.5,10.0,2,0,0,1,0,2.0,7.0,4.0,2.0,2.0,Fulham,,3,17.0
256,5.0,Jay,Stansfield,0.0,Unavailable,1,FWD,0,0,0,0.00,0.00,0,0.67,0.0,0.0,0.0,0,0,0,0,0,1.0,0.0,0.0,0.0,0.0,Fulham,,3,1.0
257,4.5,Kenny,Tete,1.7,Available,450,DEF,0,0,0,0.70,0.07,5,5.79,54.2,28.5,55.0,0,0,0,1,0,2.0,2.0,2.0,2.0,1.0,Fulham,,3,9.0
258,5.0,Carlos Vinícius,Alves Morais,0.0,Doubtful,0,FWD,0,0,0,0.00,0.00,0,0.00,0.0,0.0,0.0,0,0,0,0,0,0.0,0.0,0.0,0.0,0.0,Fulham,,3,0.0
259,5.3,Harry,Wilson,0.3,Available,36,MID,0,0,0,0.00,0.02,1,1.23,0.2,5.2,12.0,0,0,0,1,0,1.0,0.0,1.0,0.0,0.0,Fulham,,3,2.0
579,4.4,Ryan,Sessegnon,0.0,Available,0,DEF,0,0,0,0.00,0.00,0,0.00,0.0,0.0,0.0,0,0,0,0,0,0.0,0.0,0.0,0.0,0.0,Fulham,,3,0.0
586,4.4,Jorge,Cuenca Barreno,0.0,Available,0,DEF,0,0,0,0.00,0.00,0,0.00,0.0,0.0,0.0,0,0,0,0,0,0.0,0.0,0.0,0.0,0.0,Fulham,,3,0.0
604,4.5,Josh,King,0.0,Available,0,MID,0,0,0,0.00,0.00,0,0.00,0.0,0.0,0.0,0,0,0,0,0,0.0,0.0,0.0,0.0,0.0,Fulham,,3,0.0
605,4.5,Martial,Godo,0.0,Available,0,MID,0,0,0,0.00,0.00,0,0.00,0.0,0.0,0.0,0,0,0,0,0,0.0,0.0,0.0,0.0,0.0,Fulham,,3,0.0
622,5.0,Sander,Berge,1.0,Available,87,MID,0,0,0,0.00,0.02,2,1.85,21.2,43.5,4.0,0,0,0,0,0,,0.0,1.0,1.0,1.0,Fulham,,3,3.0
260,4.9,Ali,Al-Hamadi,0.0,Available,32,FWD,0,0,0,0.00,0.02,1,0.66,4.0,11.5,4.0,0,0,0,2,0,1.0,0.0,0.0,0.0,0.0,Ipswich,,2,1.0
261,4.0,Elkan,Baggott,0.0,Unavailable,0,DEF,0,0,0,0.00,0.00,0,0.00,0.0,0.0,0.0,0,0,0,0,0,0.0,0.0,0.0,0.0,0.0,Ipswich,,2,0.0
262,4.9,Nathan,Broadhead,0.0,Available,0,MID,0,0,0,0.00,0.00,0,0.00,0.0,0.0,0.0,0,0,0,0,0,0.0,0.0,0.0,0.0,0.0,Ipswich,,2,0.0
263,4.0,Cameron,Burgess,0.0,Available,0,DEF,0,0,0,0.00,0.00,0,0.00,0.0,0.0,0.0,0,0,0,0,0,0.0,0.0,0.0,0.0,0.0,Ipswich,,2,0.0
264,4.9,Wes,Burns,1.0,Available,187,MID,0,0,0,0.00,0.39,1,3.81,12.4,33.0,8.0,0,0,0,1,0,0.0,0.0,0.0,1.0,2.0,Ipswich,,2,3.0
265,5.3,Conor,Chaplin,1.0,Available,89,MID,0,0,0,0.00,0.02,1,2.07,8.0,6.3,2.0,0,0,0,0,0,2.0,1.0,1.0,1.0,1.0,Ipswich,,2,6.0
266,4.0,Harry,Clarke,0.0,Doubtful,0,DEF,0,0,0,0.00,0.00,0,0.00,0.0,0.0,0.0,0,0,0,0,0,0.0,0.0,0.0,0.0,0.0,Ipswich,,2,0.0
267,4.5,Leif,Davis,5.0,Available,450,DEF,0,1,1,0.26,0.54,8,11.09,86.4,101.8,32.0,2,0,0,0,0,1.0,0.0,7.0,6.0,2.0,Ipswich,,2,16.0
268,5.5,Liam,Delap,3.0,Available,365,FWD,1,0,0,0.47,0.04,7,9.62,46.2,38.7,58.0,1,0,0,1,0,2.0,2.0,7.0,1.0,1.0,Ipswich,,2,13.0
269,4.0,George,Edmundson,0.0,Unavailable,1,DEF,0,0,0,0.00,0.00,0,0.00,0.0,0.0,0.0,0,0,0,0,0,0.0,1.0,0.0,0.0,0.0,Ipswich,,2,1.0
270,4.0,Jacob,Greaves,3.3,Available,450,DEF,0,0,1,0.15,0.01,8,11.09,113.2,2.8,46.0,0,0,0,0,0,1.0,0.0,2.0,6.0,2.0,Ipswich,,2,11.0
271,4.9,Marcus,Myers-Harness,0.0,Unavailable,43,MID,0,0,0,0.00,0.05,2,1.36,9.4,1.9,6.0,0,0,0,0,0,1.0,1.0,0.0,0.0,0.0,Ipswich,,2,2.0
272,5.4,George,Hirst,0.7,Available,48,FWD,0,0,0,0.50,0.01,0,0.81,2.4,11.6,41.0,0,0,0,0,0,0.0,0.0,0.0,1.0,1.0,Ipswich,,2,2.0
273,4.5,Cameron,Humphreys,0.0,Unavailable,0,MID,0,0,0,0.00,0.00,0,0.00,0.0,0.0,0.0,0,0,0,0,0,0.0,0.0,0.0,0.0,0.0,Ipswich,,2,0.0
274,5.4,Omari,Giraud-Hutchinson,1.7,Available,442,MID,0,0,1,0.39,0.25,8,10.84,41.6,57.7,59.0,0,0,0,3,0,1.0,2.0,2.0,2.0,1.0,Ipswich,,2,8.0
275,4.0,Ben,Johnson,0.3,Available,131,DEF,0,1,0,0.00,0.20,6,5.64,43.2,17.9,0.0,0,0,0,0,0,0.0,3.0,0.0,0.0,1.0,Ipswich,,2,4.0
276,4.5,Freddie,Ladapo,0.0,Unavailable,0,FWD,0,0,0,0.00,0.00,0,0.00,0.0,0.0,0.0,0,0,0,0,0,0.0,0.0,0.0,0.0,0.0,Ipswich,,2,0.0
277,4.5,Massimo,Luongo,0.3,Available,141,MID,0,0,0,0.00,0.00,4,4.90,23.8,4.0,0.0,0,0,0,0,0,2.0,2.0,0.0,1.0,0.0,Ipswich,,2,5.0
278,4.9,Sam,Morsy,4.0,Available,443,MID,1,0,1,0.11,0.46,8,10.84,115.2,56.6,11.0,2,0,0,3,0,2.0,1.0,1.0,2.0,9.0,Ipswich,,2,15.0
279,4.0,Corrie,Ndaba,0.0,Unavailable,0,DEF,0,0,0,0.00,0.00,0,0.00,0.0,0.0,0.0,0,0,0,0,0,0.0,0.0,0.0,0.0,0.0,Ipswich,,2,0.0
280,4.0,Cieran,Slicker,0.0,Available,0,GKP,0,0,0,0.00,0.00,0,0.00,0.0,0.0,0.0,0,0,0,0,0,0.0,0.0,0.0,0.0,0.0,Ipswich,,2,0.0
281,4.9,Jack,Taylor,0.0,Available,72,MID,0,0,0,0.02,0.01,2,1.75,12.8,5.2,2.0,0,0,0,1,0,1.0,1.0,0.0,0.0,0.0,Ipswich,,2,2.0
282,4.0,Axel,Tuanzebe,3.3,Available,422,DEF,0,0,1,0.07,0.04,8,10.40,97.0,42.2,8.0,0,0,0,0,0,1.0,0.0,2.0,6.0,2.0,Ipswich,,2,11.0
283,4.5,Christian,Walton,0.0,Available,90,GKP,0,0,0,0.00,0.00,2,2.65,28.2,0.0,0.0,0,0,3,0,0,2.0,0.0,0.0,0.0,0.0,Ipswich,,2,2.0
284,4.0,Luke,Woolfenden,0.7,Available,270,DEF,0,0,0,0.03,0.00,7,6.94,58.2,1.3,6.0,0,0,0,1,0,0.0,0.0,2.0,0.0,0.0,Ipswich,,2,2.0
359,5.0,Kalvin,Phillips,1.3,Doubtful,159,MID,0,0,1,0.00,0.04,1,2.53,20.4,19.6,0.0,0,0,0,1,0,0.0,0.0,2.0,2.0,0.0,Ipswich,,2,4.0
568,4.4,Arijanet,Muric,5.3,Available,360,GKP,0,0,1,0.00,0.00,6,8.44,95.6,0.0,0.0,3,0,12,0,0,0.0,0.0,3.0,11.0,2.0,Ipswich,,2,16.0
583,4.0,Conor,Townsend,0.0,Available,0,DEF,0,0,0,0.00,0.00,0,0.00,0.0,0.0,0.0,0,0,0,0,0,0.0,0.0,0.0,0.0,0.0,Ipswich,,2,0.0
611,6.0,Sam,Szmodics,1.7,Available,285,MID,1,0,0,0.99,0.03,5,8.01,40.6,15.7,41.0,0,0,0,1,0,1.0,6.0,2.0,1.0,2.0,Ipswich,,2,12.0
619,4.5,Jens,Cajuste,1.0,Available,80,MID,0,0,0,0.02,0.02,1,2.18,8.4,25.0,1.0,0,0,0,0,0,,0.0,1.0,0.0,2.0,Ipswich,,2,3.0
630,4.0,Dara,O'Shea,2.7,Available,180,DEF,0,0,1,0.12,0.01,1,4.15,67.4,0.8,28.0,1,0,0,1,0,,,0.0,7.0,1.0,Ipswich,,2,8.0
631,5.5,Jack,Clarke,1.0,Available,69,MID,0,0,0,0.11,0.21,0,0.87,7.4,16.3,11.0,0,0,0,0,0,,,1.0,1.0,1.0,Ipswich,,2,3.0
632,5.0,Chiedozie,Ogbene,1.0,Available,118,MID,0,0,0,0.00,0.02,1,1.39,14.0,17.0,10.0,0,0,0,0,0,,,2.0,1.0,0.0,Ipswich,,2,3.0
117,5.0,Facundo,Buonanotte,2.0,Available,204,MID,1,1,0,0.21,0.39,3,3.03,71.2,67.0,25.0,0,0,0,1,0,2.0,5.0,6.0,0.0,0.0,Leicester,,2,13.0
192,5.3,Jordan,Ayew,1.7,Available,285,MID,0,0,0,0.78,0.11,6,5.29,19.0,54.0,49.0,0,0,0,2,0,0.0,1.0,2.0,1.0,2.0,Leicester,,2,6.0
198,5.4,Odsonne,Edouard,0.3,Available,122,FWD,0,0,0,0.39,0.07,2,2.20,3.0,23.5,40.0,0,0,0,0,0,1.0,2.0,0.0,0.0,1.0,Leicester,,2,4.0
285,4.5,Boubakary,Soumaré,0.0,Available,11,MID,0,0,0,0.00,0.00,0,0.25,0.2,0.3,0.0,0,0,0,0,0,1.0,0.0,0.0,0.0,0.0,Leicester,,2,1.0
286,4.5,Tom,Cannon,0.0,Unavailable,0,FWD,0,0,0,0.00,0.00,0,0.00,0.0,0.0,0.0,0,0,0,0,0,0.0,0.0,0.0,0.0,0.0,Leicester,,2,0.0
287,4.4,Hamza,Choudhury,0.3,Available,14,MID,0,0,0,0.00,0.00,1,1.03,3.0,0.0,0.0,0,0,0,0,0,0.0,0.0,0.0,1.0,0.0,Leicester,,2,1.0
288,4.0,Conor,Coady,0.0,Available,7,DEF,0,0,0,0.00,0.00,1,0.99,2.0,0.0,0.0,0,0,0,1,0,0.0,0.0,0.0,0.0,0.0,Leicester,,2,0.0
289,4.9,Patson,Daka,0.0,Injured,0,FWD,0,0,0,0.00,0.00,0,0.00,0.0,0.0,0.0,0,0,0,0,0,0.0,0.0,0.0,0.0,0.0,Leicester,,2,0.0
290,5.3,Bobby,De Cordova-Reid,0.3,Available,148,MID,0,0,0,0.08,0.04,2,2.61,8.6,3.6,11.0,0,0,0,0,0,2.0,2.0,1.0,0.0,0.0,Leicester,,2,5.0
291,4.1,Wout,Faes,1.3,Available,450,DEF,1,0,0,0.39,0.07,8,8.21,155.4,3.5,52.0,0,0,0,1,0,1.0,7.0,1.0,1.0,2.0,Leicester,,2,12.0
292,4.5,Michael,Golding,0.0,Available,0,MID,0,0,0,0.00,0.00,0,0.00,0.0,0.0,0.0,0,0,0,0,0,0.0,0.0,0.0,0.0,0.0,Leicester,,2,0.0
293,4.5,Mads,Hermansen,2.0,Available,450,GKP,0,0,0,0.00,0.00,8,8.21,165.2,0.2,0.0,0,0,18,0,0,3.0,2.0,2.0,1.0,3.0,Leicester,,2,11.0
294,4.0,Daniel,Iversen,0.0,Available,0,GKP,0,0,0,0.00,0.00,0,0.00,0.0,0.0,0.0,0,0,0,0,0,0.0,0.0,0.0,0.0,0.0,Leicester,,2,0.0
295,4.5,James,Justin,1.3,Available,450,DEF,0,0,0,0.19,0.04,8,8.21,79.0,28.4,12.0,0,0,0,0,0,2.0,1.0,1.0,1.0,2.0,Leicester,,2,7.0
296,4.5,Victor,Kristiansen,1.3,Available,444,DEF,0,0,0,0.00,0.32,8,8.21,93.8,87.2,0.0,0,0,0,1,0,2.0,0.0,1.0,1.0,2.0,Leicester,,2,6.0
297,4.5,Wanya,Marçal-Madivádua,0.0,Unavailable,0,MID,0,0,0,0.00,0.00,0,0.00,0.0,0.0,0.0,0,0,0,0,0,0.0,0.0,0.0,0.0,0.0,Leicester,,2,0.0
298,5.3,Stephy,Mavididi,6.0,Available,213,MID,2,0,0,0.70,0.91,2,2.77,95.4,46.7,82.0,3,0,0,0,0,1.0,1.0,1.0,7.0,10.0,Leicester,,2,20.0
299,4.9,Kasey,McAteer,0.3,Available,10,MID,0,0,0,0.02,0.00,0,0.20,5.2,0.5,6.0,0,0,0,0,0,1.0,1.0,1.0,0.0,0.0,Leicester,,2,3.0
300,5.0,Wilfred,Ndidi,5.0,Available,433,MID,0,3,0,0.24,0.86,7,7.17,125.8,82.4,80.0,1,0,0,1,0,2.0,2.0,5.0,8.0,2.0,Leicester,,2,19.0
301,4.0,Caleb,Okoli,1.0,Available,270,DEF,0,0,0,0.14,0.01,5,5.19,70.2,2.1,24.0,0,0,0,1,0,0.0,0.0,0.0,1.0,2.0,Leicester,,2,3.0
302,4.3,Ricardo,Barbosa Pereira,0.0,Available,0,DEF,0,0,0,0.00,0.00,0,0.00,0.0,0.0,0.0,0,0,0,0,0,0.0,0.0,0.0,0.0,0.0,Leicester,,2,0.0
303,4.0,Harry,Souttar,0.0,Unavailable,0,DEF,0,0,0,0.00,0.00,0,0.00,0.0,0.0,0.0,0,0,0,0,0,0.0,0.0,0.0,0.0,0.0,Leicester,,2,0.0
304,4.0,Jakub,Stolarczyk,0.0,Injured,0,GKP,0,0,0,0.00,0.00,0,0.00,0.0,0.0,0.0,0,0,0,0,0,0.0,0.0,0.0,0.0,0.0,Leicester,,2,0.0
305,4.0,Luke,Thomas,0.0,Available,0,DEF,0,0,0,0.00,0.00,0,0.00,0.0,0.0,0.0,0,0,0,0,0,0.0,0.0,0.0,0.0,0.0,Leicester,,2,0.0
306,5.7,Jamie,Vardy,3.7,Available,410,FWD,2,0,0,1.44,0.08,8,7.84,79.0,27.7,91.0,4,0,0,1,0,8.0,2.0,1.0,8.0,2.0,Leicester,,2,21.0
307,4.0,Jannik,Vestergaard,0.0,Available,180,DEF,0,0,0,0.01,0.00,3,3.01,37.8,0.6,7.0,0,0,0,1,0,2.0,0.0,0.0,0.0,0.0,Leicester,,2,2.0
308,4.0,Danny,Ward,0.0,Available,0,GKP,0,0,0,0.00,0.00,0,0.00,0.0,0.0,0.0,0,0,0,0,0,0.0,0.0,0.0,0.0,0.0,Leicester,,2,0.0
309,4.5,Harry,Winks,1.7,Available,450,MID,0,0,0,0.02,0.43,8,8.21,70.0,91.8,1.0,0,0,0,1,0,2.0,2.0,1.0,2.0,2.0,Leicester,,2,9.0
501,4.9,Oliver,Skipp,1.0,Available,176,MID,0,0,0,0.05,0.20,4,4.05,21.0,30.9,9.0,0,0,0,1,0,0.0,1.0,1.0,2.0,0.0,Leicester,,2,4.0
570,5.5,Abdul,Fatawu,1.3,Available,266,MID,0,1,0,0.12,0.61,6,5.72,67.4,39.3,42.0,3,0,0,0,0,8.0,2.0,2.0,1.0,1.0,Leicester,,2,14.0
606,4.5,Will,Alves,0.0,Available,0,MID,0,0,0,0.00,0.00,0,0.00,0.0,0.0,0.0,0,0,0,0,0,0.0,0.0,0.0,0.0,0.0,Leicester,,2,0.0
616,4.0,Ben,Nelson,0.0,Unavailable,0,DEF,0,0,0,0.00,0.00,0,0.00,0.0,0.0,0.0,0,0,0,0,0,0.0,0.0,0.0,0.0,0.0,Leicester,,2,0.0
635,5.0,Bilal,El Khannouss,0.7,Available,77,MID,0,0,0,0.03,0.04,1,0.97,7.4,26.1,2.0,0,0,0,0,0,,,1.0,0.0,1.0,Leicester,,2,2.0
310,5.5,Alisson,Ramses Becker,4.0,Doubtful,360,GKP,0,0,3,0.00,0.00,1,2.61,80.0,0.0,0.0,2,0,9,0,0,7.0,6.0,8.0,2.0,0.0,Liverpool,,4,23.0
311,7.1,Trent,Alexander-Arnold,6.0,Available,402,DEF,0,1,4,0.18,2.00,1,3.12,96.4,183.1,21.0,4,0,0,1,0,8.0,6.0,6.0,1.0,11.0,Liverpool,,4,32.0
312,4.5,Stefan,Bajčetić Maquieira,0.0,Unavailable,0,MID,0,0,0,0.00,0.00,0,0.00,0.0,0.0,0.0,0,0,0,0,0,0.0,0.0,0.0,0.0,0.0,Liverpool,,4,0.0
313,4.8,Conor,Bradley,0.8,Available,75,DEF,0,0,0,0.24,0.15,1,0.87,17.8,6.5,52.0,0,0,0,0,0,1.0,1.0,1.0,1.0,0.0,Liverpool,,4,4.0
315,4.5,Bobby,Clark,0.0,Unavailable,0,MID,0,0,0,0.00,0.00,0,0.00,0.0,0.0,0.0,0,0,0,0,0,0.0,0.0,0.0,0.0,0.0,Liverpool,,4,0.0
316,7.2,Darwin,Núñez Ribeiro,2.2,Available,133,FWD,1,0,1,0.46,0.01,1,1.37,51.6,17.8,48.0,0,0,0,0,0,0.0,1.0,1.0,1.0,6.0,Liverpool,,4,9.0
317,7.5,Diogo,Teixeira da Silva,2.5,Available,283,MID,1,1,3,1.91,0.11,0,1.74,55.2,32.7,122.0,0,0,0,0,0,8.0,6.0,3.0,1.0,0.0,Liverpool,,4,18.0
318,4.5,Ben,Doak,0.0,Unavailable,0,MID,0,0,0,0.00,0.00,0,0.00,0.0,0.0,0.0,0,0,0,0,0,0.0,0.0,0.0,0.0,0.0,Liverpool,,4,0.0
319,5.2,Harvey,Elliott,0.2,Injured,7,MID,0,0,0,0.00,0.02,0,0.00,0.0,2.0,2.0,0,0,0,0,0,0.0,1.0,0.0,0.0,0.0,Liverpool,,4,1.0
320,4.8,Endo,Wataru,0.2,Available,1,MID,0,0,0,0.00,0.00,0,0.00,0.0,0.0,0.0,0,0,0,0,0,0.0,1.0,0.0,0.0,0.0,Liverpool,,4,1.0
321,7.2,Cody,Gakpo,1.0,Available,100,FWD,0,0,0,0.44,0.10,1,1.76,11.8,35.2,27.0,0,0,0,1,0,0.0,1.0,1.0,1.0,1.0,Liverpool,,4,4.0
322,4.8,Joe,Gomez,0.0,Available,0,DEF,0,0,0,0.00,0.00,0,0.00,0.0,0.0,0.0,0,0,0,0,0,0.0,0.0,0.0,0.0,0.0,Liverpool,,4,0.0
323,5.0,Ryan,Gravenberch,2.2,Available,450,MID,0,0,4,0.06,0.65,1,3.69,75.0,55.3,20.0,0,0,0,2,0,3.0,2.0,3.0,1.0,3.0,Liverpool,,4,12.0
324,5.3,Curtis,Jones,0.5,Available,44,MID,0,0,0,0.14,0.02,0,0.75,12.6,1.9,5.0,0,0,0,0,0,0.0,0.0,0.0,1.0,1.0,Liverpool,,4,2.0
325,4.4,Caoimhin,Kelleher,2.2,Available,90,GKP,0,0,1,0.00,0.00,0,1.08,49.8,0.0,0.0,1,0,7,0,0,0.0,0.0,0.0,0.0,9.0,Liverpool,,4,9.0
326,5.1,Ibrahima,Konaté,5.8,Available,389,DEF,0,1,3,0.23,0.07,1,3.20,114.2,27.0,25.0,1,0,0,1,0,1.0,7.0,6.0,2.0,8.0,Liverpool,,4,24.0
327,7.9,Luis,Díaz,12.0,Available,357,MID,5,1,5,2.63,0.68,0,1.98,227.8,106.7,199.0,8,0,0,0,0,3.0,14.0,15.0,3.0,16.0,Liverpool,,4,51.0
328,12.8,Mohamed,Salah,8.8,Available,442,MID,3,4,4,2.44,1.33,1,3.69,225.8,161.0,307.0,8,0,0,0,0,14.0,10.0,17.0,2.0,6.0,Liverpool,,4,49.0
329,6.3,Alexis,Mac Allister,2.5,Available,419,MID,0,0,4,0.19,1.04,0,3.39,68.4,92.5,49.0,0,0,0,0,0,3.0,3.0,3.0,1.0,3.0,Liverpool,,4,13.0
330,4.5,James,McConnell,0.0,Available,0,MID,0,0,0,0.00,0.00,0,0.00,0.0,0.0,0.0,0,0,0,0,0,0.0,0.0,0.0,0.0,0.0,Liverpool,,4,0.0
331,4.5,Tyler,Morton,0.0,Available,0,MID,0,0,0,0.00,0.00,0,0.00,0.0,0.0,0.0,0,0,0,0,0,0.0,0.0,0.0,0.0,0.0,Liverpool,,4,0.0
332,4.0,Nathaniel,Phillips,0.0,Unavailable,0,DEF,0,0,0,0.00,0.00,0,0.00,0.0,0.0,0.0,0,0,0,0,0,0.0,0.0,0.0,0.0,0.0,Liverpool,,4,0.0
333,4.1,Jarell,Quansah,0.0,Available,45,DEF,0,0,0,0.00,0.00,0,0.31,15.8,0.5,0.0,0,0,0,0,0,1.0,0.0,0.0,0.0,0.0,Liverpool,,4,1.0
334,4.0,Rhys,Williams,0.0,Unavailable,0,DEF,0,0,0,0.00,0.00,0,0.00,0.0,0.0,0.0,0,0,0,0,0,0.0,0.0,0.0,0.0,0.0,Liverpool,,4,0.0
335,6.0,Andrew,Robertson,4.8,Available,414,DEF,0,0,4,0.38,0.50,1,3.44,58.8,131.2,60.0,0,0,0,1,0,6.0,6.0,6.0,1.0,6.0,Liverpool,,4,25.0
336,6.5,Dominik,Szoboszlai,3.0,Available,420,MID,0,2,4,0.44,0.90,1,3.15,61.8,157.7,52.0,1,0,0,2,0,7.0,2.0,6.0,1.0,3.0,Liverpool,,4,19.0
337,4.7,Konstantinos,Tsimikas,0.5,Available,33,DEF,0,0,0,0.00,0.01,0,0.26,6.6,2.1,0.0,0,0,0,0,0,1.0,0.0,1.0,1.0,0.0,Liverpool,,4,3.0
339,6.0,Virgil,van Dijk,5.0,Available,450,DEF,0,0,4,0.16,0.07,1,3.69,106.4,16.5,35.0,1,0,0,1,0,6.0,7.0,5.0,2.0,6.0,Liverpool,,4,26.0
636,7.0,Federico,Chiesa,0.3,Available,18,MID,0,0,0,0.16,0.08,0,0.55,0.2,0.9,15.0,0,0,0,0,0,,,0.0,0.0,1.0,Liverpool,,4,1.0
660,4.0,Vítezslav,Jaros,0.0,Available,0,GKP,0,0,0,0.00,0.00,0,0.00,0.0,0.0,0.0,0,0,0,0,0,,,,,0.0,Liverpool,,4,0.0
340,5.5,Manuel,Akanji,1.3,Available,450,DEF,0,0,1,0.03,0.59,5,3.64,96.8,109.1,10.0,0,0,0,1,0,6.0,2.0,1.0,2.0,1.0,Man City,,5,12.0
341,5.3,Nathan,Aké,0.3,Injured,2,DEF,0,0,0,0.00,0.00,0,0.09,3.4,0.5,0.0,0,0,0,0,0,0.0,0.0,1.0,0.0,0.0,Man City,,5,1.0
342,6.5,Bernardo,Veiga de Carvalho e Silva,3.0,Available,366,MID,0,2,1,0.59,1.02,4,2.72,66.6,165.7,110.0,2,0,0,1,0,6.0,2.0,7.0,1.0,1.0,Man City,,5,17.0
343,4.8,Oscar,Bobb,0.0,Injured,0,MID,0,0,0,0.00,0.00,0,0.00,0.0,0.0,0.0,0,0,0,0,0,0.0,0.0,0.0,0.0,0.0,Man City,,5,0.0
344,4.0,Scott,Carson,0.0,Available,0,GKP,0,0,0,0.00,0.00,0,0.00,0.0,0.0,0.0,0,0,0,0,0,0.0,0.0,0.0,0.0,0.0,Man City,,5,0.0
345,9.5,Kevin,De Bruyne,1.0,Doubtful,356,MID,1,1,1,1.21,2.17,3,2.90,98.8,246.8,82.0,2,0,0,1,0,3.0,12.0,1.0,2.0,0.0,Man City,,5,18.0
346,6.4,Jérémy,Doku,1.3,Available,296,MID,0,0,1,0.23,0.82,4,2.19,43.2,106.2,67.0,0,0,0,0,0,3.0,2.0,2.0,0.0,2.0,Man City,,5,9.0
347,5.5,Ederson,Santana de Moraes,3.0,Available,450,GKP,0,1,1,0.00,0.01,5,3.64,109.4,10.0,0.0,2,0,11,1,0,8.0,2.0,2.0,7.0,0.0,Man City,,5,19.0
348,9.3,Phil,Foden,0.3,Available,65,MID,0,0,0,0.07,0.25,0,0.78,10.4,18.6,14.0,0,0,0,0,0,1.0,0.0,0.0,0.0,1.0,Man City,,5,2.0
349,6.4,Jack,Grealish,1.7,Available,185,MID,0,0,0,0.48,0.49,2,1.49,26.4,81.4,74.0,0,0,0,1,0,0.0,0.0,2.0,2.0,1.0,Man City,,5,5.0
350,6.0,Joško,Gvardiol,1.3,Available,402,DEF,0,0,1,0.21,0.74,4,2.63,84.2,49.6,86.0,1,0,0,0,0,7.0,2.0,2.0,1.0,1.0,Man City,,5,13.0
351,15.3,Erling,Haaland,13.0,Available,449,FWD,10,0,1,5.69,0.18,5,3.64,354.8,17.0,386.0,14,0,0,1,0,7.0,17.0,17.0,13.0,9.0,Man City,,5,63.0
352,7.0,Julián,Álvarez,0.0,Unavailable,0,FWD,0,0,0,0.00,0.00,0,0.00,0.0,0.0,0.0,0,0,0,0,0,0.0,0.0,0.0,0.0,0.0,Man City,,5,0.0
353,5.3,João,Cavaco Cancelo,0.0,Unavailable,0,DEF,0,0,0,0.00,0.00,0,0.00,0.0,0.0,0.0,0,0,0,0,0,0.0,0.0,0.0,0.0,0.0,Man City,,5,0.0
354,5.5,Mateo,Kovačić,2.7,Available,343,MID,1,1,1,0.33,0.52,5,3.60,95.6,112.2,20.0,4,0,0,1,0,11.0,1.0,2.0,0.0,6.0,Man City,,5,20.0
355,4.7,Rico,Lewis,2.3,Available,315,DEF,0,1,1,0.62,0.18,3,2.95,71.2,41.7,42.0,1,0,0,0,0,6.0,2.0,6.0,1.0,0.0,Man City,,5,15.0
356,4.9,Matheus Luiz,Nunes,1.7,Available,20,MID,0,1,0,0.00,0.17,0,0.22,24.4,15.3,6.0,0,0,0,0,0,0.0,1.0,4.0,1.0,0.0,Man City,,5,6.0
357,4.8,James,McAtee,0.0,Available,1,MID,0,0,0,0.00,0.02,0,0.00,0.2,1.0,2.0,0,0,0,0,0,0.0,1.0,0.0,0.0,0.0,Man City,,5,1.0
358,5.4,Stefan,Ortega Moreno,0.0,Available,0,GKP,0,0,0,0.00,0.00,0,0.00,0.0,0.0,0.0,0,0,0,0,0,0.0,0.0,0.0,0.0,0.0,Man City,,5,0.0
360,6.4,Rodrigo 'Rodri',Hernandez,0.7,Doubtful,65,MID,0,0,0,0.00,0.09,0,0.04,10.8,17.1,0.0,0,0,0,0,0,0.0,0.0,0.0,1.0,1.0,Man City,,5,2.0
361,5.5,Rúben,Gato Alves Dias,0.3,Available,366,DEF,0,0,1,0.49,0.41,4,2.72,66.8,56.3,33.0,0,0,0,2,0,6.0,1.0,0.0,1.0,0.0,Man City,,5,8.0
362,5.4,John,Stones,2.7,Available,135,DEF,1,0,0,0.34,0.05,1,0.98,39.0,9.3,35.0,0,0,0,1,0,0.0,1.0,0.0,1.0,7.0,Man City,,5,9.0
363,5.3,Kyle,Walker,1.3,Available,169,DEF,0,0,0,0.12,0.82,3,1.65,36.2,72.0,21.0,0,0,0,0,0,0.0,0.0,1.0,2.0,1.0,Man City,,5,4.0
571,6.5,Sávio 'Savinho',Moreira de Oliveira,2.7,Available,282,MID,0,3,0,0.78,0.77,4,2.15,64.8,117.5,92.0,3,0,0,1,0,1.0,9.0,0.0,1.0,7.0,Man City,,5,18.0
607,5.0,Nico,O'Reilly,0.0,Available,0,MID,0,0,0,0.00,0.00,0,0.00,0.0,0.0,0.0,0,0,0,0,0,0.0,0.0,0.0,0.0,0.0,Man City,,5,0.0
625,6.5,Ilkay,Gündogan,1.7,Available,221,MID,0,0,0,0.27,0.51,3,2.05,23.4,113.1,28.0,0,0,0,0,0,,1.0,1.0,2.0,2.0,Man City,,5,6.0
626,4.5,Issa,Kaboré,0.0,Unavailable,0,DEF,0,0,0,0.00,0.00,0,0.00,0.0,0.0,0.0,0,0,0,0,0,,0.0,0.0,0.0,0.0,Man City,,5,0.0
364,5.0,Amad,Diallo,3.3,Available,335,MID,1,1,3,0.43,0.84,1,4.12,94.8,166.0,95.0,0,0,0,1,0,3.0,6.0,1.0,6.0,3.0,Man Utd,,3,19.0
365,5.8,Antony Matheus,dos Santos,0.0,Available,1,MID,0,0,0,0.00,0.05,1,0.60,3.0,10.3,2.0,0,0,0,0,0,0.0,1.0,0.0,0.0,0.0,Man Utd,,3,1.0
366,8.3,Bruno,Borges Fernandes,3.3,Available,438,MID,0,1,3,1.86,1.32,4,5.80,78.8,113.8,98.0,0,0,0,1,0,3.0,2.0,2.0,5.0,3.0,Man Utd,,3,15.0
367,4.4,Altay,Bayindir,0.0,Available,0,GKP,0,0,0,0.00,0.00,0,0.00,0.0,0.0,0.0,0,0,0,0,0,0.0,0.0,0.0,0.0,0.0,Man Utd,,3,0.0
368,4.9,Carlos Henrique,Casimiro,0.7,Available,228,MID,0,0,1,0.26,0.57,4,3.23,42.4,50.0,29.0,0,0,0,0,0,3.0,2.0,1.0,1.0,0.0,Man Utd,,3,7.0
369,5.0,Diogo,Dalot Teixeira,7.0,Available,450,DEF,0,1,3,0.02,0.80,5,6.39,100.0,86.0,11.0,6,0,0,0,0,7.0,1.0,1.0,11.0,9.0,Man Utd,,3,29.0
370,5.4,Christian,Eriksen,2.0,Available,151,MID,0,0,2,0.00,0.71,0,2.41,23.4,80.9,6.0,0,0,0,1,0,0.0,0.0,1.0,2.0,3.0,Man Utd,,3,6.0
371,4.4,Jonny,Evans,0.3,Available,22,DEF,0,0,0,0.00,0.00,0,0.06,5.8,0.9,0.0,0,0,0,0,0,1.0,0.0,0.0,1.0,0.0,Man Utd,,3,2.0
372,6.4,Alejandro,Garnacho,3.3,Available,229,MID,1,1,1,2.17,0.30,4,3.30,70.2,66.0,91.0,0,0,0,1,0,4.0,1.0,2.0,6.0,2.0,Man Utd,,3,15.0
373,4.5,Hannibal,Mejbri,0.0,Unavailable,0,MID,0,0,0,0.00,0.00,0,0.00,0.0,0.0,0.0,0,0,0,0,0,0.0,0.0,0.0,0.0,0.0,Man Utd,,3,0.0
374,4.0,Tom,Heaton,0.0,Available,0,GKP,0,0,0,0.00,0.00,0,0.00,0.0,0.0,0.0,0,0,0,0,0,0.0,0.0,0.0,0.0,0.0,Man Utd,,3,0.0
375,6.9,Rasmus,Højlund,0.3,Available,14,FWD,0,0,0,0.00,0.01,0,0.14,0.0,0.5,4.0,0,0,0,0,0,0.0,0.0,0.0,0.0,1.0,Man Utd,,3,1.0
376,4.4,Victor,Lindelöf,0.0,Injured,0,DEF,0,0,0,0.00,0.00,0,0.00,0.0,0.0,0.0,0,0,0,0,0,0.0,0.0,0.0,0.0,0.0,Man Utd,,3,0.0
377,4.9,Harry,Maguire,0.3,Available,195,DEF,0,0,1,0.04,0.02,1,2.30,40.6,14.5,10.0,0,0,0,2,0,5.0,2.0,1.0,0.0,0.0,Man Utd,,3,8.0
378,5.4,Kobbie,Mainoo,2.0,Available,443,MID,0,0,3,0.12,0.33,5,6.33,49.4,29.1,15.0,0,0,0,3,0,3.0,1.0,1.0,2.0,3.0,Man Utd,,3,10.0
379,4.4,Tyrell,Malacia,0.0,Injured,0,DEF,0,0,0,0.00,0.00,0,0.00,0.0,0.0,0.0,0,0,0,0,0,0.0,0.0,0.0,0.0,0.0,Man Utd,,3,0.0
380,4.5,Lisandro,Martínez,3.7,Available,436,DEF,0,0,3,0.55,0.23,5,6.39,76.6,19.2,37.0,1,0,0,2,0,7.0,1.0,0.0,6.0,5.0,Man Utd,,3,19.0
381,4.9,Scott,McTominay,0.0,Unavailable,17,MID,0,0,0,0.07,0.00,1,0.66,3.2,0.3,5.0,0,0,0,0,0,1.0,1.0,0.0,0.0,0.0,Man Utd,,3,2.0
382,6.3,Mason,Mount,0.0,Available,105,MID,0,0,1,0.39,0.03,1,1.02,13.0,23.7,42.0,0,0,0,1,0,2.0,1.0,0.0,0.0,0.0,Man Utd,,3,3.0
383,5.0,André,Onana,7.7,Available,450,GKP,0,0,3,0.00,0.00,5,6.39,132.0,0.0,0.0,3,1,11,0,0,6.0,1.0,1.0,13.0,9.0,Man Utd,,3,30.0
384,5.0,Facundo,Pellistri Rebollo,0.0,Unavailable,0,MID,0,0,0,0.00,0.00,0,0.00,0.0,0.0,0.0,0,0,0,0,0,0.0,0.0,0.0,0.0,0.0,Man Utd,,3,0.0
385,6.9,Marcus,Rashford,3.7,Available,345,MID,1,0,2,0.40,0.77,4,5.46,62.4,70.9,58.0,0,0,0,0,0,3.0,2.0,2.0,8.0,1.0,Man Utd,,3,16.0
387,4.9,Luke,Shaw,0.0,Injured,0,DEF,0,0,0,0.00,0.00,0,0.00,0.0,0.0,0.0,0,0,0,0,0,0.0,0.0,0.0,0.0,0.0,Man Utd,,3,0.0
389,7.0,Joshua,Zirkzee,1.7,Available,309,FWD,1,0,2,2.19,0.30,4,4.10,66.0,69.7,126.0,3,0,0,1,0,8.0,1.0,1.0,2.0,2.0,Man Utd,,3,14.0
572,4.4,Leny,Yoro,0.0,Injured,0,DEF,0,0,0,0.00,0.00,0,0.00,0.0,0.0,0.0,0,0,0,0,0,0.0,0.0,0.0,0.0,0.0,Man Utd,,3,0.0
593,5.0,Matthijs,de Ligt,7.0,Available,264,DEF,1,0,2,0.95,0.00,4,4.09,98.0,11.9,135.0,3,0,0,1,0,1.0,1.0,0.0,15.0,6.0,Man Utd,,3,23.0
594,4.6,Noussair,Mazraoui,4.3,Available,423,DEF,0,1,3,0.20,0.46,5,6.33,89.8,48.6,44.0,2,0,0,0,0,8.0,4.0,1.0,6.0,6.0,Man Utd,,3,25.0
613,4.5,Toby,Collyer,0.3,Available,45,MID,0,0,0,0.00,0.01,1,1.03,14.2,12.6,2.0,0,0,0,0,0,0.0,0.0,1.0,0.0,0.0,Man Utd,,3,1.0
648,4.5,Ethan,Wheatley,0.0,Available,0,FWD,0,0,0,0.00,0.00,0,0.00,0.0,0.0,0.0,0,0,0,0,0,,,0.0,0.0,0.0,Man Utd,,3,0.0
652,5.0,Manuel,Ugarte,1.0,Available,31,MID,0,0,0,0.00,0.00,0,0.14,8.4,5.7,0.0,0,0,0,0,0,,,,1.0,1.0,Man Utd,,3,2.0
390,4.0,Alex,Murphy,0.0,Available,0,DEF,0,0,0,0.00,0.00,0,0.00,0.0,0.0,0.0,0,0,0,0,0,0.0,0.0,0.0,0.0,0.0,Newcastle,,4,0.0
391,5.7,Miguel,Almirón Rejala,0.5,Available,2,MID,0,0,0,0.00,0.00,0,0.08,0.4,0.3,0.0,0,0,0,0,0,0.0,1.0,1.0,0.0,0.0,Newcastle,,4,2.0
392,6.5,Harvey,Barnes,8.0,Available,247,MID,3,1,0,1.02,0.66,4,5.16,140.8,81.8,102.0,8,0,0,0,0,1.0,5.0,9.0,8.0,10.0,Newcastle,,4,33.0
393,4.4,Sven,Botman,0.0,Injured,0,DEF,0,0,0,0.00,0.00,0,0.00,0.0,0.0,0.0,0,0,0,0,0,0.0,0.0,0.0,0.0,0.0,Newcastle,,4,0.0
394,6.3,Bruno,Guimarães Rodriguez Moura,3.0,Available,446,MID,0,1,1,0.18,0.38,6,8.42,87.8,49.2,19.0,2,0,0,1,0,3.0,2.0,1.0,7.0,2.0,Newcastle,,4,15.0
395,4.5,Dan,Burn,0.8,Available,450,DEF,0,0,1,0.34,0.09,6,8.54,95.8,3.3,56.0,0,0,0,3,0,5.0,1.0,0.0,1.0,1.0,Newcastle,,4,8.0
396,4.3,Martin,Dúbravka,0.0,Available,0,GKP,0,0,0,0.00,0.00,0,0.00,0.0,0.0,0.0,0,0,0,0,0,0.0,0.0,0.0,0.0,0.0,Newcastle,,4,0.0
398,7.3,Anthony,Gordon,4.0,Available,419,MID,1,0,1,1.22,0.97,5,7.56,80.8,178.6,83.0,3,0,0,0,0,3.0,10.0,2.0,2.0,2.0,Newcastle,,4,19.0
399,4.4,Lewis,Hall,1.2,Available,247,DEF,0,0,1,0.00,0.18,2,4.02,66.6,61.3,4.0,0,0,0,1,0,5.0,1.0,1.0,2.0,1.0,Newcastle,,4,10.0
400,4.5,Isaac,Hayden,0.0,Available,0,MID,0,0,0,0.00,0.00,0,0.00,0.0,0.0,0.0,0,0,0,0,0,0.0,0.0,0.0,0.0,0.0,Newcastle,,4,0.0
401,8.3,Alexander,Isak,3.5,Available,405,FWD,1,1,1,1.41,0.30,6,8.18,77.0,51.9,116.0,3,0,0,0,0,5.0,2.0,9.0,1.0,2.0,Newcastle,,4,19.0
402,5.2,Jacob,Murphy,2.5,Available,250,MID,0,2,0,0.22,0.98,3,3.63,55.0,60.5,38.0,0,0,0,1,0,1.0,1.0,4.0,1.0,4.0,Newcastle,,4,11.0
403,6.0,Joelinton Cássio,Apolinário de Lira,1.0,Available,388,MID,1,0,1,0.39,0.08,5,7.58,81.8,49.9,51.0,3,0,0,3,0,11.0,1.0,1.0,0.0,2.0,Newcastle,,4,15.0
404,4.5,Lloyd,Kelly,1.8,Available,203,DEF,0,1,0,0.19,0.10,4,4.64,56.8,16.7,7.0,0,0,0,1,0,1.0,2.0,4.0,1.0,0.0,Newcastle,,4,8.0
405,4.5,Emil,Krafth,1.0,Available,240,DEF,0,0,1,0.04,0.03,2,5.07,44.2,10.9,11.0,0,0,0,0,0,6.0,2.0,2.0,0.0,0.0,Newcastle,,4,10.0
406,4.5,Garang,Kuol,0.0,Available,0,MID,0,0,0,0.00,0.00,0,0.00,0.0,0.0,0.0,0,0,0,0,0,0.0,0.0,0.0,0.0,0.0,Newcastle,,4,0.0
407,4.5,Jamaal,Lascelles,0.0,Injured,0,DEF,0,0,0,0.00,0.00,0,0.00,0.0,0.0,0.0,0,0,0,0,0,0.0,0.0,0.0,0.0,0.0,Newcastle,,4,0.0
408,4.0,Jamal,Lewis,0.0,Unavailable,0,DEF,0,0,0,0.00,0.00,0,0.00,0.0,0.0,0.0,0,0,0,0,0,0.0,0.0,0.0,0.0,0.0,Newcastle,,4,0.0
409,4.5,Tino,Livramento,1.5,Available,316,DEF,0,0,1,0.00,0.01,4,5.63,68.8,16.1,0.0,1,0,0,0,0,7.0,1.0,2.0,2.0,1.0,Newcastle,,4,13.0
410,4.9,Sean,Longstaff,1.0,Available,271,MID,0,0,1,0.00,0.03,3,5.20,29.4,18.2,6.0,0,0,0,1,0,3.0,2.0,1.0,1.0,0.0,Newcastle,,4,7.0
411,5.0,Lewis,Miley,0.0,Injured,0,MID,0,0,0,0.00,0.00,0,0.00,0.0,0.0,0.0,0,0,0,0,0,0.0,0.0,0.0,0.0,0.0,Newcastle,,4,0.0
412,4.4,Odysseas,Vlachodimos,0.0,Available,0,GKP,0,0,0,0.00,0.00,0,0.00,0.0,0.0,0.0,0,0,0,0,0,0.0,0.0,0.0,0.0,0.0,Newcastle,,4,0.0
413,5.0,Nick,Pope,3.2,Available,450,GKP,0,0,1,0.00,0.00,6,8.54,172.2,0.0,0.0,2,0,24,0,0,9.0,3.0,4.0,3.0,3.0,Newcastle,,4,22.0
414,4.0,John,Ruddy,0.0,Available,0,GKP,0,0,0,0.00,0.00,0,0.00,0.0,0.0,0.0,0,0,0,0,0,0.0,0.0,0.0,0.0,0.0,Newcastle,,4,0.0
415,5.4,Fabian,Schär,2.2,Available,207,DEF,1,0,0,0.54,0.21,4,3.48,59.4,9.3,27.0,0,0,0,0,1,-2.0,0.0,0.0,8.0,1.0,Newcastle,,4,7.0
416,4.0,Matt,Targett,0.0,Available,0,DEF,0,0,0,0.00,0.00,0,0.00,0.0,0.0,0.0,0,0,0,0,0,0.0,0.0,0.0,0.0,0.0,Newcastle,,4,0.0
417,5.5,Sandro,Tonali,0.8,Available,83,MID,0,0,0,0.48,0.12,1,1.24,22.6,19.0,41.0,0,0,0,0,0,0.0,0.0,1.0,1.0,1.0,Newcastle,,4,3.0
418,5.7,Kieran,Trippier,0.8,Available,131,DEF,0,0,0,0.00,0.06,2,2.91,17.8,22.4,0.0,0,0,0,0,0,0.0,1.0,0.0,1.0,1.0,Newcastle,,4,3.0
419,4.5,Joe,White,0.0,Unavailable,0,MID,0,0,0,0.00,0.00,0,0.00,0.0,0.0,0.0,0,0,0,0,0,0.0,0.0,0.0,0.0,0.0,Newcastle,,4,0.0
420,4.8,Joe,Willock,1.5,Available,110,MID,0,1,0,0.16,0.11,2,2.07,37.4,66.3,16.0,0,0,0,0,0,0.0,1.0,0.0,4.0,1.0,Newcastle,,4,6.0
421,6.9,Callum,Wilson,0.0,Injured,0,FWD,0,0,0,0.00,0.00,0,0.00,0.0,0.0,0.0,0,0,0,0,0,0.0,0.0,0.0,0.0,0.0,Newcastle,,4,0.0
574,4.0,Miodrag,Pivaš,0.0,Unavailable,0,DEF,0,0,0,0.00,0.00,0,0.00,0.0,0.0,0.0,0,0,0,0,0,0.0,0.0,0.0,0.0,0.0,Newcastle,,4,0.0
590,5.0,William,Osula,0.2,Available,7,FWD,0,0,0,0.00,0.00,1,0.47,1.0,0.0,0.0,0,0,0,0,0,0.0,0.0,0.0,0.0,1.0,Newcastle,,4,1.0
26,4.4,Álex,Moreno Lopera,2.0,Available,124,DEF,0,0,1,0.00,0.01,2,1.24,22.0,4.6,0.0,1,0,0,1,0,0.0,0.0,0.0,6.0,0.0,Nott'm Forest,,3,6.0
422,4.5,Ola,Aina,3.3,Available,413,DEF,0,0,2,0.03,0.23,3,3.31,67.8,34.5,4.0,5,0,0,1,0,1.0,9.0,2.0,8.0,0.0,Nott'm Forest,,3,20.0
423,5.0,Elliot,Anderson,3.3,Available,300,MID,0,1,2,0.10,0.12,4,3.07,81.8,58.3,30.0,2,0,0,1,0,1.0,3.0,6.0,3.0,1.0,Nott'm Forest,,3,14.0
424,5.7,Taiwo,Awoniyi,0.3,Available,34,FWD,0,0,0,0.12,0.03,1,0.60,7.8,2.5,21.0,0,0,0,0,0,1.0,1.0,1.0,0.0,0.0,Nott'm Forest,,3,3.0
425,4.4,Willy,Boly,0.0,Doubtful,91,DEF,0,0,0,0.07,0.00,1,1.22,32.0,0.2,17.0,0,0,0,0,0,2.0,1.0,0.0,0.0,0.0,Nott'm Forest,,3,3.0
426,4.5,Josh,Bowler,0.0,Unavailable,0,MID,0,0,0,0.00,0.00,0,0.00,0.0,0.0,0.0,0,0,0,0,0,0.0,0.0,0.0,0.0,0.0,Nott'm Forest,,3,0.0
427,4.3,Carlos Miguel,dos Santos Pereira,0.0,Available,0,GKP,0,0,0,0.00,0.00,0,0.00,0.0,0.0,0.0,0,0,0,0,0,0.0,0.0,0.0,0.0,0.0,Nott'm Forest,,3,0.0
428,4.5,Eric,da Silva Moreira,0.0,Available,0,MID,0,0,0,0.00,0.00,0,0.00,0.0,0.0,0.0,0,0,0,0,0,0.0,0.0,0.0,0.0,0.0,Nott'm Forest,,3,0.0
429,4.8,Danilo,dos Santos de Oliveira,0.0,Injured,14,MID,0,0,0,0.00,0.00,0,0.28,0.0,0.1,0.0,0,0,0,0,0,1.0,0.0,0.0,0.0,0.0,Nott'm Forest,,3,1.0
430,4.9,Emmanuel,Dennis,0.0,Available,0,FWD,0,0,0,0.00,0.00,0,0.00,0.0,0.0,0.0,0,0,0,0,0,0.0,0.0,0.0,0.0,0.0,Nott'm Forest,,3,0.0
431,4.9,Nicolás,Domínguez,0.3,Available,104,MID,0,0,0,0.12,0.10,1,1.41,18.6,17.9,5.0,0,0,0,1,0,1.0,0.0,0.0,1.0,0.0,Nott'm Forest,,3,2.0
432,5.3,Anthony,Elanga,2.0,Available,307,MID,0,1,1,0.49,0.47,3,2.01,50.2,107.1,71.0,0,0,0,1,0,1.0,3.0,2.0,3.0,1.0,Nott'm Forest,,3,10.0
433,6.4,Morgan,Gibbs-White,1.0,Suspended,432,MID,1,0,2,0.79,0.87,4,3.84,83.2,137.7,148.0,2,0,0,1,1,2.0,10.0,1.0,3.0,-1.0,Nott'm Forest,,3,15.0
434,5.4,Callum,Hudson-Odoi,4.3,Available,366,MID,1,1,2,0.44,0.64,3,2.62,80.2,112.0,89.0,1,0,0,1,0,3.0,3.0,2.0,7.0,4.0,Nott'm Forest,,3,19.0
435,4.5,Alex,Mighten,0.0,Unavailable,0,MID,0,0,0,0.00,0.00,0,0.00,0.0,0.0,0.0,0,0,0,0,0,0.0,0.0,0.0,0.0,0.0,Nott'm Forest,,3,0.0
436,4.5,Murillo,Santiago Costa dos Santos,3.0,Available,450,DEF,0,0,2,0.00,0.13,4,3.98,110.0,23.3,6.0,1,0,0,0,0,2.0,7.0,2.0,6.0,1.0,Nott'm Forest,,3,18.0
437,4.5,Neco,Williams,1.0,Available,325,DEF,0,0,1,0.43,0.18,2,2.74,61.2,49.2,40.0,0,0,0,2,0,1.0,6.0,2.0,1.0,0.0,Nott'm Forest,,3,10.0
438,4.5,Omar,Richards,0.0,Unavailable,0,DEF,0,0,0,0.00,0.00,0,0.00,0.0,0.0,0.0,0,0,0,0,0,0.0,0.0,0.0,0.0,0.0,Nott'm Forest,,3,0.0
439,5.0,Lewis,O'Brien,0.0,Unavailable,0,MID,0,0,0,0.00,0.00,0,0.00,0.0,0.0,0.0,0,0,0,0,0,0.0,0.0,0.0,0.0,0.0,Nott'm Forest,,3,0.0
440,4.4,Andrew,Omobamidele,0.0,Available,0,DEF,0,0,0,0.00,0.00,0,0.00,0.0,0.0,0.0,0,0,0,0,0,0.0,0.0,0.0,0.0,0.0,Nott'm Forest,,3,0.0
441,4.0,Jonathan,Panzo,0.0,Unavailable,0,DEF,0,0,0,0.00,0.00,0,0.00,0.0,0.0,0.0,0,0,0,0,0,0.0,0.0,0.0,0.0,0.0,Nott'm Forest,,3,0.0
442,4.5,Ibrahim,Sangaré,0.0,Injured,212,MID,0,0,1,0.02,0.06,2,1.98,38.8,16.4,19.0,0,0,0,2,0,2.0,2.0,0.0,0.0,0.0,Nott'm Forest,,3,4.0
443,4.5,Matz,Sels,4.0,Available,450,GKP,0,0,2,0.00,0.00,4,3.98,86.2,0.0,0.0,3,0,11,1,0,3.0,6.0,2.0,9.0,1.0,Nott'm Forest,,3,21.0
444,4.4,Harry,Toffolo,0.0,Available,36,DEF,0,0,0,0.02,0.01,1,0.67,9.6,3.0,6.0,0,0,0,0,0,1.0,0.0,0.0,0.0,0.0,Nott'm Forest,,3,1.0
446,4.5,Hwang,Ui-jo,0.0,Unavailable,0,FWD,0,0,0,0.00,0.00,0,0.00,0.0,0.0,0.0,0,0,0,0,0,0.0,0.0,0.0,0.0,0.0,Nott'm Forest,,3,0.0
447,6.1,Chris,Wood,6.3,Available,386,FWD,3,0,3,2.34,0.13,3,3.23,117.4,40.8,176.0,8,0,0,1,0,9.0,1.0,9.0,2.0,8.0,Nott'm Forest,,3,29.0
448,4.5,Joe,Worrall,0.0,Unavailable,0,DEF,0,0,0,0.00,0.00,0,0.00,0.0,0.0,0.0,0,0,0,0,0,0.0,0.0,0.0,0.0,0.0,Nott'm Forest,,3,0.0
449,5.0,Ryan,Yates,1.3,Available,266,MID,0,1,1,0.26,0.05,1,2.55,31.8,40.6,47.0,2,0,0,1,0,7.0,1.0,1.0,2.0,1.0,Nott'm Forest,,3,12.0
531,6.3,James,Ward-Prowse,1.3,Available,151,MID,0,0,1,0.00,0.08,3,1.60,16.6,3.1,0.0,0,0,0,0,0,1.0,0.0,0.0,3.0,1.0,Nott'm Forest,,3,5.0
573,4.5,Nikola,Milenković,3.0,Available,360,DEF,0,0,2,0.98,0.02,3,2.76,69.0,21.6,21.0,0,0,0,0,0,0.0,6.0,2.0,6.0,1.0,Nott'm Forest,,3,15.0
596,5.9,João Pedro,Ferreira Silva,1.7,Available,56,MID,0,1,0,0.00,0.27,0,0.65,28.0,23.6,6.0,0,0,0,1,0,0.0,1.0,1.0,1.0,3.0,Nott'm Forest,,3,6.0
620,5.5,Ramón,Sosa,2.3,Available,41,MID,1,0,0,0.65,0.06,0,0.10,41.4,20.8,24.0,0,0,0,0,0,,0.0,1.0,0.0,6.0,Nott'm Forest,,3,7.0
653,4.5,Felipe,Rodrigues da Silva,1.0,Available,27,DEF,0,0,0,0.00,0.00,0,0.16,14.2,0.0,0.0,0,0,0,0,0,,,,1.0,1.0,Nott'm Forest,,3,2.0
14,4.4,Aaron,Ramsdale,2.7,Available,270,GKP,0,0,0,0.00,0.00,7,7.14,114.4,0.0,0.0,0,0,16,0,0,0.0,0.0,2.0,3.0,3.0,Southampton,,2,8.0
27,5.0,Cameron,Archer,0.7,Available,201,FWD,0,0,0,2.28,0.03,4,5.05,10.6,5.8,99.0,0,0,0,0,0,1.0,1.0,1.0,0.0,1.0,Southampton,,2,4.0
188,4.5,Lesley,Ugochukwu,1.0,Available,94,MID,0,0,0,0.21,0.01,3,2.46,11.6,13.1,4.0,0,0,0,0,0,0.0,0.0,0.0,2.0,1.0,Southampton,,2,3.0
397,4.9,Ryan,Fraser,0.5,Available,84,MID,0,0,0,0.00,0.00,1,1.90,12.6,1.8,0.0,0,0,0,0,0,0.0,0.0,0.0,1.0,1.0,Southampton,,2,2.0
450,4.9,Carlos,Alcaraz Durán,0.0,Unavailable,9,MID,0,0,0,0.07,0.03,0,0.00,8.4,15.9,19.0,0,0,0,0,0,1.0,0.0,0.0,0.0,0.0,Southampton,,2,1.0
451,4.5,Samuel,Amo-Ameyaw,0.0,Available,9,MID,0,0,0,0.02,0.13,0,0.00,4.0,15.0,6.0,0,0,0,0,0,1.0,0.0,0.0,0.0,0.0,Southampton,,2,1.0
452,5.0,Joe,Aribo,1.0,Available,226,MID,0,0,0,0.53,0.49,6,5.65,26.2,50.6,26.0,0,0,0,0,0,2.0,2.0,2.0,0.0,1.0,Southampton,,2,7.0
453,5.4,Adam,Armstrong,0.7,Available,213,FWD,0,0,0,0.78,0.14,4,3.91,10.0,16.7,54.0,0,0,0,1,0,2.0,1.0,1.0,0.0,1.0,Southampton,,2,5.0
454,4.4,Gavin,Bazunu,0.0,Injured,0,GKP,0,0,0,0.00,0.00,0,0.00,0.0,0.0,0.0,0,0,0,0,0,0.0,0.0,0.0,0.0,0.0,Southampton,,2,0.0
455,4.0,Jan,Bednarek,1.3,Available,440,DEF,0,0,0,0.00,0.07,9,9.84,122.2,30.4,4.0,0,0,0,1,0,2.0,1.0,1.0,1.0,2.0,Southampton,,2,7.0
456,4.0,Armel,Bella-Kotchap,0.0,Available,0,DEF,0,0,0,0.00,0.00,0,0.00,0.0,0.0,0.0,0,0,0,0,0,0.0,0.0,0.0,0.0,0.0,Southampton,,2,0.0
457,4.0,James,Bree,0.0,Available,0,DEF,0,0,0,0.00,0.00,0,0.00,0.0,0.0,0.0,0,0,0,0,0,0.0,0.0,0.0,0.0,0.0,Southampton,,2,0.0
458,4.5,Shea,Charles,0.0,Unavailable,0,MID,0,0,0,0.00,0.00,0,0.00,0.0,0.0,0.0,0,0,0,0,0,0.0,0.0,0.0,0.0,0.0,Southampton,,2,0.0
459,4.9,Samuel,Edozie,0.0,Unavailable,64,MID,0,0,0,0.00,0.15,0,0.31,9.8,19.0,22.0,0,0,0,1,0,0.0,1.0,0.0,0.0,0.0,Southampton,,2,1.0
460,4.0,Ronnie,Edwards,0.0,Available,0,DEF,0,0,0,0.00,0.00,0,0.00,0.0,0.0,0.0,0,0,0,0,0,0.0,0.0,0.0,0.0,0.0,Southampton,,2,0.0
461,4.0,Taylor,Harwood-Bellis,1.0,Available,319,DEF,0,0,0,0.07,0.08,5,6.18,70.6,44.9,29.0,0,0,0,2,0,1.0,2.0,0.0,1.0,2.0,Southampton,,2,6.0
462,5.0,Kamaldeen,Sulemana,0.0,Doubtful,0,MID,0,0,0,0.00,0.00,0,0.00,0.0,0.0,0.0,0,0,0,0,0,0.0,0.0,0.0,0.0,0.0,Southampton,,2,0.0
463,5.0,Adam,Lallana,3.0,Available,93,MID,0,2,0,0.10,0.11,1,2.09,43.0,26.2,10.0,1,0,0,1,0,0.0,0.0,4.0,1.0,4.0,Southampton,,2,9.0
464,4.0,Juan,Larios López,0.0,Available,0,DEF,0,0,0,0.00,0.00,0,0.00,0.0,0.0,0.0,0,0,0,0,0,0.0,0.0,0.0,0.0,0.0,Southampton,,2,0.0
465,4.0,Mateusz,Lis,0.0,Unavailable,0,GKP,0,0,0,0.00,0.00,0,0.00,0.0,0.0,0.0,0,0,0,0,0,0.0,0.0,0.0,0.0,0.0,Southampton,,2,0.0
466,4.0,Joe,Lumley,0.0,Available,0,GKP,0,0,0,0.00,0.00,0,0.00,0.0,0.0,0.0,0,0,0,0,0,0.0,0.0,0.0,0.0,0.0,Southampton,,2,0.0
467,4.4,Ryan,Manning,0.0,Available,0,DEF,0,0,0,0.00,0.00,0,0.00,0.0,0.0,0.0,0,0,0,0,0,0.0,0.0,0.0,0.0,0.0,Southampton,,2,0.0
468,5.0,Sékou,Mara,0.0,Unavailable,0,FWD,0,0,0,0.00,0.00,0,0.00,0.0,0.0,0.0,0,0,0,0,0,0.0,0.0,0.0,0.0,0.0,Southampton,,2,0.0
469,4.5,Alex,McCarthy,0.0,Available,180,GKP,0,0,0,0.00,0.00,2,2.70,52.0,0.0,0.0,0,0,7,0,0,2.0,4.0,0.0,0.0,0.0,Southampton,,2,6.0
470,4.9,Paul,Onuachu,0.0,Available,0,FWD,0,0,0,0.00,0.00,0,0.00,0.0,0.0,0.0,0,0,0,0,0,0.0,0.0,0.0,0.0,0.0,Southampton,,2,0.0
471,5.0,Will,Smallbone,0.3,Doubtful,218,MID,0,0,0,0.31,0.54,3,3.67,20.6,56.9,32.0,0,0,0,0,0,2.0,2.0,1.0,0.0,0.0,Southampton,,2,5.0
472,4.0,Jack,Stephens,-0.3,Suspended,348,DEF,0,0,0,0.23,0.10,8,7.38,42.0,27.1,11.0,0,0,0,1,1,1.0,2.0,1.0,-2.0,0.0,Southampton,,2,2.0
473,4.5,Ross,Stewart,0.3,Available,59,FWD,0,0,0,0.04,0.01,2,1.43,0.0,3.0,5.0,0,0,0,1,0,0.0,0.0,0.0,1.0,0.0,Southampton,,2,1.0
474,4.5,Sugawara,Yukinari,3.3,Available,386,DEF,1,0,0,0.24,0.82,9,9.53,119.8,93.4,39.0,0,0,0,0,0,1.0,2.0,7.0,1.0,2.0,Southampton,,2,13.0
475,4.0,Charlie,Taylor,0.3,Available,104,DEF,0,0,0,0.00,0.01,1,1.88,23.8,3.3,2.0,0,0,0,1,0,0.0,1.0,0.0,0.0,1.0,Southampton,,2,2.0
476,4.5,Kyle,Walker-Peters,0.7,Available,350,DEF,0,0,0,0.20,0.17,8,8.15,52.4,33.4,53.0,0,0,0,0,0,2.0,2.0,1.0,1.0,0.0,Southampton,,2,6.0
477,4.0,Nathan,Wood-Gordon,0.0,Available,0,DEF,0,0,0,0.00,0.00,0,0.00,0.0,0.0,0.0,0,0,0,0,0,0.0,0.0,0.0,0.0,0.0,Southampton,,2,0.0
515,4.9,Maxwel,Cornet,0.0,Available,26,MID,0,0,0,0.00,0.00,1,0.82,5.4,2.0,2.0,0,0,0,1,0,0.0,0.0,0.0,0.0,0.0,Southampton,,2,0.0
518,4.9,Flynn,Downes,1.7,Available,450,MID,0,0,0,0.22,0.77,9,9.84,72.4,129.1,24.0,0,0,0,2,0,2.0,1.0,2.0,2.0,1.0,Southampton,,2,8.0
584,5.3,Ben,Brereton Díaz,1.7,Available,344,MID,0,0,0,0.75,0.13,8,7.94,17.2,58.7,64.0,0,0,0,1,0,1.0,2.0,2.0,2.0,1.0,Southampton,,2,8.0
608,4.5,Tyler,Dibling,4.7,Available,203,MID,1,0,1,0.80,0.40,4,4.56,63.4,76.1,58.0,3,0,0,0,0,1.0,1.0,1.0,2.0,11.0,Southampton,,2,16.0
623,5.0,Mateus Gonçalo,Espanha Fernandes,2.0,Available,229,MID,0,0,1,0.28,0.33,4,5.04,26.8,56.8,57.0,0,0,0,0,0,,1.0,1.0,2.0,3.0,Southampton,,2,7.0
82,7.5,Dominic,Solanke-Mitchell,2.7,Available,267,FWD,1,0,0,2.12,0.25,3,2.55,58.0,24.9,129.0,0,0,0,0,0,2.0,0.0,0.0,2.0,6.0,Spurs,,3,10.0
478,4.0,Ashley,Phillips,0.0,Unavailable,0,DEF,0,0,0,0.00,0.00,0,0.00,0.0,0.0,0.0,0,0,0,0,0,0.0,0.0,0.0,0.0,0.0,Spurs,,3,0.0
479,4.0,Brandon,Austin,0.0,Available,0,GKP,0,0,0,0.00,0.00,0,0.00,0.0,0.0,0.0,0,0,0,0,0,0.0,0.0,0.0,0.0,0.0,Spurs,,3,0.0
480,5.0,Rodrigo,Bentancur,1.0,Available,214,MID,0,0,0,0.35,0.12,3,2.37,23.8,17.6,33.0,0,0,0,3,0,1.0,0.0,0.0,1.0,2.0,Spurs,,3,4.0
481,4.5,Lucas,Bergvall,0.7,Available,33,MID,0,0,0,0.06,0.17,0,0.12,13.2,26.9,7.0,0,0,0,0,0,1.0,1.0,1.0,0.0,1.0,Spurs,,3,4.0
482,4.9,Yves,Bissouma,0.3,Available,179,MID,1,0,1,0.10,0.13,2,2.63,59.0,38.3,9.0,1,0,0,2,0,0.0,9.0,1.0,0.0,0.0,Spurs,,3,10.0
483,5.0,Bryan,Gil Salvatierra,0.0,Unavailable,0,MID,0,0,0,0.00,0.00,0,0.00,0.0,0.0,0.0,0,0,0,0,0,0.0,0.0,0.0,0.0,0.0,Spurs,,3,0.0
484,4.4,Ben,Davies,0.0,Available,0,DEF,0,0,0,0.00,0.00,0,0.00,0.0,0.0,0.0,0,0,0,0,0,0.0,0.0,0.0,0.0,0.0,Spurs,,3,0.0
485,4.5,Alfie,Devine,0.0,Unavailable,0,MID,0,0,0,0.00,0.00,0,0.00,0.0,0.0,0.0,0,0,0,0,0,0.0,0.0,0.0,0.0,0.0,Spurs,,3,0.0
486,4.4,Radu,Drăgușin,0.3,Available,90,DEF,0,0,0,0.02,0.01,2,1.57,16.6,1.7,6.0,0,0,0,0,0,0.0,0.0,1.0,0.0,0.0,Spurs,,3,1.0
487,4.5,Emerson,Leite de Souza Junior,0.0,Unavailable,0,DEF,0,0,0,0.00,0.00,0,0.00,0.0,0.0,0.0,0,0,0,0,0,0.0,0.0,0.0,0.0,0.0,Spurs,,3,0.0
488,4.4,Fraser,Forster,0.0,Available,0,GKP,0,0,0,0.00,0.00,0,0.00,0.0,0.0,0.0,0,0,0,0,0,0.0,0.0,0.0,0.0,0.0,Spurs,,3,0.0
489,4.8,Archie,Gray,0.3,Available,32,MID,0,0,0,0.00,0.01,0,0.12,7.4,2.6,0.0,0,0,0,0,0,1.0,1.0,0.0,0.0,1.0,Spurs,,3,3.0
490,5.0,Pierre-Emile,Højbjerg,0.0,Unavailable,0,MID,0,0,0,0.00,0.00,0,0.00,0.0,0.0,0.0,0,0,0,0,0,0.0,0.0,0.0,0.0,0.0,Spurs,,3,0.0
491,6.4,Brennan,Johnson,4.3,Available,348,MID,1,1,1,1.43,0.30,4,4.51,68.2,53.3,199.0,0,0,0,0,0,2.0,3.0,4.0,2.0,7.0,Spurs,,3,18.0
492,6.3,Dejan,Kulusevski,1.7,Available,347,MID,0,1,1,0.62,0.61,4,4.22,64.4,144.2,134.0,0,0,0,1,0,1.0,6.0,2.0,1.0,2.0,Spurs,,3,12.0
493,4.9,Giovani,Lo Celso,0.0,Unavailable,0,MID,0,0,0,0.00,0.00,0,0.00,0.0,0.0,0.0,0,0,0,0,0,0.0,0.0,0.0,0.0,0.0,Spurs,,3,0.0
494,7.5,James,Maddison,5.0,Available,403,MID,1,3,1,1.42,2.86,5,5.00,165.0,219.8,134.0,3,0,0,2,0,5.0,6.0,1.0,2.0,12.0,Spurs,,3,26.0
495,5.6,Pedro,Porro,1.7,Available,447,DEF,1,0,1,0.39,0.70,5,5.06,143.4,161.7,53.0,1,0,0,0,0,9.0,6.0,1.0,2.0,2.0,Spurs,,3,20.0
496,4.3,Sergio,Reguilón,0.0,Available,0,DEF,0,0,0,0.00,0.00,0,0.00,0.0,0.0,0.0,0,0,0,0,0,0.0,0.0,0.0,0.0,0.0,Spurs,,3,0.0
497,6.9,Richarlison,de Andrade,0.0,Injured,25,FWD,0,0,0,0.19,0.00,0,0.06,3.2,2.2,7.0,0,0,0,0,0,1.0,1.0,0.0,0.0,0.0,Spurs,,3,2.0
498,5.1,Cristian,Romero,1.7,Available,450,DEF,1,0,1,0.73,0.41,5,5.12,137.0,37.7,112.0,2,0,0,0,0,2.0,14.0,1.0,2.0,2.0,Spurs,,3,21.0
499,4.9,Pape Matar,Sarr,0.7,Available,187,MID,0,0,0,0.13,0.15,2,1.39,35.8,37.9,32.0,0,0,0,1,0,2.0,1.0,0.0,1.0,1.0,Spurs,,3,5.0
500,4.5,Dane,Scarlett,0.0,Unavailable,0,FWD,0,0,0,0.00,0.00,0,0.00,0.0,0.0,0.0,0,0,0,0,0,0.0,0.0,0.0,0.0,0.0,Spurs,,3,0.0
502,5.4,Manor,Solomon,0.0,Unavailable,0,MID,0,0,0,0.00,0.00,0,0.00,0.0,0.0,0.0,0,0,0,0,0,0.0,0.0,0.0,0.0,0.0,Spurs,,3,0.0
503,10.0,Son,Heung-min,5.0,Available,450,MID,2,2,1,1.38,1.11,5,5.06,161.8,184.9,113.0,6,0,0,0,0,2.0,16.0,3.0,2.0,10.0,Spurs,,3,33.0
504,4.4,Djed,Spence,0.0,Available,18,DEF,0,0,0,0.00,0.00,0,0.06,3.8,2.4,2.0,0,0,0,0,0,1.0,1.0,0.0,0.0,0.0,Spurs,,3,2.0
505,5.0,Destiny,Udogie,1.3,Available,432,DEF,0,0,1,0.05,0.16,5,5.12,72.4,49.2,37.0,0,0,0,1,0,2.0,6.0,1.0,1.0,2.0,Spurs,,3,12.0
506,4.5,Micky,van de Ven,0.7,Available,360,DEF,0,1,1,0.02,0.09,3,3.55,76.2,19.7,19.0,0,0,0,2,0,2.0,9.0,0.0,1.0,1.0,Spurs,,3,13.0
507,5.0,Alejo,Véliz,0.0,Unavailable,0,FWD,0,0,0,0.00,0.00,0,0.00,0.0,0.0,0.0,0,0,0,0,0,0.0,0.0,0.0,0.0,0.0,Spurs,,3,0.0
508,5.0,Guglielmo,Vicario,2.0,Available,450,GKP,0,0,1,0.00,0.00,5,5.12,116.2,0.0,0.0,0,0,12,1,0,2.0,6.0,1.0,2.0,3.0,Spurs,,3,14.0
509,6.3,Timo,Werner,0.7,Available,38,MID,0,0,0,0.00,0.04,1,1.06,12.6,8.3,8.0,0,0,0,0,0,1.0,0.0,1.0,1.0,0.0,Spurs,,3,3.0
510,4.0,Alfie,Whiteman,0.0,Available,0,GKP,0,0,0,0.00,0.00,0,0.00,0.0,0.0,0.0,0,0,0,0,0,0.0,0.0,0.0,0.0,0.0,Spurs,,3,0.0
609,4.5,Will,Lankshear,0.0,Injured,0,FWD,0,0,0,0.00,0.00,0,0.00,0.0,0.0,0.0,0,0,0,0,0,0.0,0.0,0.0,0.0,0.0,Spurs,,3,0.0
610,4.5,Mikey,Moore,0.3,Available,2,MID,0,0,0,0.00,0.00,0,0.00,0.2,0.1,2.0,0,0,0,0,0,0.0,0.0,0.0,0.0,1.0,Spurs,,3,1.0
612,5.5,Wilson,Odobert,1.0,Injured,160,MID,0,0,1,0.42,0.08,1,1.63,10.0,40.5,42.0,0,0,0,0,0,0.0,3.0,2.0,1.0,0.0,Spurs,,3,6.0
388,4.5,Aaron,Wan-Bissaka,1.3,Available,298,DEF,0,0,0,0.00,0.37,7,7.29,68.4,81.7,6.0,0,0,0,0,0,0.0,1.0,1.0,2.0,1.0,West Ham,,3,5.0
511,5.0,Edson,Álvarez Velázquez,1.0,Available,222,MID,0,0,0,0.02,0.25,6,4.85,27.8,40.6,6.0,0,0,0,2,0,0.0,1.0,2.0,1.0,0.0,West Ham,,3,4.0
512,5.5,Michail,Antonio,1.0,Available,284,FWD,0,0,1,0.97,0.02,4,6.56,3.0,8.0,74.0,0,0,0,1,0,2.0,2.0,2.0,1.0,0.0,West Ham,,3,7.0
513,4.5,Alphonse,Areola,1.7,Available,405,GKP,0,0,1,0.00,0.00,8,8.82,100.0,0.0,0.0,0,0,12,0,0,1.0,6.0,1.0,3.0,1.0,West Ham,,3,12.0
514,7.5,Jarrod,Bowen,4.0,Available,427,MID,1,2,1,0.58,0.74,8,9.62,107.8,150.0,103.0,0,0,0,0,0,2.0,8.0,5.0,5.0,2.0,West Ham,,3,22.0
516,4.5,Vladimír,Coufal,0.7,Available,198,DEF,0,0,1,0.02,0.10,3,4.19,19.2,17.5,1.0,0,0,0,0,0,1.0,6.0,1.0,1.0,0.0,West Ham,,3,9.0
517,4.0,Aaron,Cresswell,0.3,Available,18,DEF,0,0,0,0.00,0.01,0,0.71,3.0,11.8,0.0,0,0,0,0,0,0.0,1.0,0.0,0.0,1.0,West Ham,,3,2.0
519,4.5,George,Earthy,0.0,Unavailable,0,MID,0,0,0,0.00,0.00,0,0.00,0.0,0.0,0.0,0,0,0,0,0,0.0,0.0,0.0,0.0,0.0,West Ham,,3,0.0
520,4.4,Emerson,Palmieri dos Santos,0.7,Available,376,DEF,0,0,1,0.04,0.30,8,7.96,44.2,66.1,21.0,0,0,0,1,0,1.0,6.0,0.0,1.0,1.0,West Ham,,3,9.0
521,4.0,Łukasz,Fabiański,0.3,Available,45,GKP,0,0,0,0.00,0.00,1,1.29,16.4,0.0,0.0,0,0,2,0,0,0.0,0.0,1.0,0.0,0.0,West Ham,,3,1.0
522,4.4,Wes,Foderingham,0.0,Available,0,GKP,0,0,0,0.00,0.00,0,0.00,0.0,0.0,0.0,0,0,0,0,0,0.0,0.0,0.0,0.0,0.0,West Ham,,3,0.0
523,5.0,Danny,Ings,2.7,Available,13,FWD,1,0,0,0.50,0.00,0,0.24,36.2,0.3,34.0,3,0,0,0,0,1.0,0.0,0.0,8.0,0.0,West Ham,,3,9.0
524,4.5,Max,Kilman,0.7,Available,450,DEF,0,1,1,0.28,0.10,9,10.11,112.0,45.6,13.0,3,0,0,2,0,1.0,12.0,0.0,2.0,0.0,West Ham,,3,15.0
525,6.3,Mohammed,Kudus,2.0,Available,447,MID,0,0,1,0.49,0.74,9,10.08,51.0,81.3,99.0,0,0,0,0,0,2.0,3.0,2.0,2.0,2.0,West Ham,,3,11.0
526,4.8,Luis Guilherme,Lira dos Santos,0.0,Available,0,MID,0,0,0,0.00,0.00,0,0.00,0.0,0.0,0.0,0,0,0,0,0,0.0,0.0,0.0,0.0,0.0,West Ham,,3,0.0
527,6.0,Lucas,Tolentino Coelho de Lima,1.7,Available,369,MID,1,0,1,1.02,0.26,7,8.38,63.0,64.7,50.0,0,0,0,1,0,6.0,3.0,2.0,1.0,2.0,West Ham,,3,14.0
528,4.5,Konstantinos,Mavropanos,1.3,Available,450,DEF,0,0,1,0.23,0.02,9,10.11,131.0,4.2,31.0,2,0,0,0,0,1.0,8.0,1.0,2.0,1.0,West Ham,,3,13.0
529,4.4,Nayef,Aguerd,0.0,Unavailable,0,DEF,0,0,0,0.00,0.00,0,0.00,0.0,0.0,0.0,0,0,0,0,0,0.0,0.0,0.0,0.0,0.0,West Ham,,3,0.0
530,5.0,Tomáš,Souček,0.7,Available,277,MID,1,1,1,1.51,0.43,5,6.15,53.8,49.5,105.0,1,0,0,2,0,5.0,8.0,1.0,1.0,0.0,West Ham,,3,15.0
532,4.4,Kurt,Zouma,0.0,Unavailable,0,DEF,0,0,0,0.00,0.00,0,0.00,0.0,0.0,0.0,0,0,0,0,0,0.0,0.0,0.0,0.0,0.0,West Ham,,3,0.0
576,4.9,Andy,Irving,0.3,Available,18,MID,0,0,0,0.04,0.00,0,0.68,8.4,2.6,7.0,0,0,0,0,0,0.0,0.0,0.0,0.0,1.0,West Ham,,3,1.0
587,5.8,Crysencio,Summerville,1.0,Available,119,MID,0,0,0,0.06,0.19,4,2.45,20.0,32.3,27.0,0,0,0,0,0,1.0,0.0,1.0,1.0,1.0,West Ham,,3,4.0
588,5.0,Guido,Rodríguez,1.0,Available,370,MID,0,0,1,0.05,0.05,8,8.10,33.4,9.8,8.0,0,0,0,2,0,2.0,3.0,1.0,1.0,1.0,West Ham,,3,8.0
589,6.7,Niclas,Füllkrug,0.3,Doubtful,63,FWD,0,0,0,0.25,0.09,2,1.59,2.6,2.5,29.0,0,0,0,0,0,1.0,1.0,1.0,0.0,0.0,West Ham,,3,3.0
591,4.4,Jean-Clair,Todibo,0.0,Available,7,DEF,0,0,0,0.00,0.00,0,0.10,5.0,0.0,0.0,0,0,0,0,0,1.0,1.0,0.0,0.0,0.0,West Ham,,3,2.0
643,4.0,Kaelan,Casey,0.0,Available,0,DEF,0,0,0,0.00,0.00,0,0.00,0.0,0.0,0.0,0,0,0,0,0,,,0.0,0.0,0.0,West Ham,,3,0.0
654,5.0,Carlos,Soler,0.0,Available,56,MID,0,0,0,0.09,0.01,0,1.67,7.6,2.1,11.0,0,0,0,2,0,,,,0.0,0.0,West Ham,,3,0.0
204,4.4,Sam,Johnstone,2.0,Available,270,GKP,0,0,0,0.00,0.00,6,3.98,67.0,10.0,0.0,0,0,8,0,0,0.0,0.0,3.0,2.0,1.0,Wolves,,3,6.0
533,4.4,Rayan,Aït-Nouri,0.8,Available,384,DEF,0,1,0,0.55,0.25,13,5.40,53.6,44.5,54.0,0,0,0,3,0,1.0,2.0,1.0,0.0,0.0,Wolves,,3,4.0
534,4.9,Boubacar,Traoré,0.0,Injured,0,MID,0,0,0,0.00,0.00,0,0.00,0.0,0.0,0.0,0,0,0,0,0,0.0,0.0,0.0,0.0,0.0,Wolves,,3,0.0
535,5.0,Jean-Ricner,Bellegarde,3.5,Available,337,MID,1,0,2,0.21,0.21,7,4.08,43.0,39.9,20.0,0,0,0,1,0,1.0,2.0,6.0,3.0,3.0,Wolves,,3,15.0
536,4.0,Daniel,Bentley,0.0,Available,0,GKP,0,0,0,0.00,0.00,0,0.00,0.0,0.0,0.0,0,0,0,0,0,0.0,0.0,0.0,0.0,0.0,Wolves,,3,0.0
537,4.5,Francisco Jorge,Tomás Oliveira,0.0,Unavailable,6,MID,0,0,0,0.00,0.05,0,0.00,3.0,14.3,2.0,0,0,0,0,0,1.0,0.0,0.0,0.0,0.0,Wolves,,3,1.0
538,4.5,Tawanda,Chirewa,0.0,Unavailable,0,MID,0,0,0,0.00,0.00,0,0.00,0.0,0.0,0.0,0,0,0,0,0,0.0,0.0,0.0,0.0,0.0,Wolves,,3,0.0
539,4.5,Leon,Chiwome,0.0,Available,0,FWD,0,0,0,0.00,0.00,0,0.00,0.0,0.0,0.0,0,0,0,0,0,0.0,0.0,0.0,0.0,0.0,Wolves,,3,0.0
540,4.5,Luke,Cundle,0.0,Available,0,MID,0,0,0,0.00,0.00,0,0.00,0.0,0.0,0.0,0,0,0,0,0,0.0,0.0,0.0,0.0,0.0,Wolves,,3,0.0
541,6.5,Matheus,Santos Carneiro Da Cunha,4.5,Available,370,FWD,2,0,0,1.44,0.80,12,5.47,116.2,141.1,135.0,3,0,0,1,0,1.0,6.0,2.0,2.0,8.0,Wolves,,3,19.0
542,4.5,Craig,Dawson,1.2,Available,299,DEF,0,0,0,0.07,0.04,7,4.30,68.2,25.3,12.0,0,0,0,0,0,1.0,1.0,2.0,1.0,1.0,Wolves,,3,6.0
543,4.4,Matt,Doherty,0.2,Available,208,DEF,0,0,0,0.08,0.08,9,3.61,40.8,16.0,15.0,0,0,0,0,0,1.0,-1.0,1.0,1.0,0.0,Wolves,,3,2.0
544,4.9,Tommy,Doyle,1.0,Available,52,MID,0,0,0,0.04,0.07,3,2.29,8.6,25.6,3.0,0,0,0,0,0,0.0,1.0,1.0,1.0,1.0,Wolves,,3,4.0
545,5.0,Fábio,Silva,0.0,Unavailable,0,FWD,0,0,0,0.00,0.00,0,0.00,0.0,0.0,0.0,0,0,0,0,0,0.0,0.0,0.0,0.0,0.0,Wolves,,3,0.0
546,4.5,Nathan,Fraser,0.0,Unavailable,0,FWD,0,0,0,0.00,0.00,0,0.00,0.0,0.0,0.0,0,0,0,0,0,0.0,0.0,0.0,0.0,0.0,Wolves,,3,0.0
547,4.5,Enso,González,0.0,Injured,0,MID,0,0,0,0.00,0.00,0,0.00,0.0,0.0,0.0,0,0,0,0,0,0.0,0.0,0.0,0.0,0.0,Wolves,,3,0.0
548,5.3,Gonçalo Manuel,Ganchinho Guedes,0.8,Available,44,MID,0,0,0,0.00,0.01,3,2.33,3.4,0.9,2.0,0,0,0,0,0,0.0,0.0,1.0,1.0,1.0,Wolves,,3,3.0
549,4.5,Hugo,Bueno López,0.0,Unavailable,0,DEF,0,0,0,0.00,0.00,0,0.00,0.0,0.0,0.0,0,0,0,0,0,0.0,0.0,0.0,0.0,0.0,Wolves,,3,0.0
550,6.2,Hwang,Hee-chan,0.8,Available,197,MID,0,0,0,0.00,0.15,8,3.35,16.2,33.2,8.0,0,0,0,0,0,2.0,1.0,1.0,1.0,0.0,Wolves,,3,5.0
551,4.5,Joe,Hodge,0.0,Unavailable,0,MID,0,0,0,0.00,0.00,0,0.00,0.0,0.0,0.0,0,0,0,0,0,0.0,0.0,0.0,0.0,0.0,Wolves,,3,0.0
552,4.0,Ki-Jana,Hoever,0.0,Unavailable,0,DEF,0,0,0,0.00,0.00,0,0.00,0.0,0.0,0.0,0,0,0,0,0,0.0,0.0,0.0,0.0,0.0,Wolves,,3,0.0
553,4.9,João Victor,Gomes da Silva,1.2,Available,403,MID,0,0,0,0.13,0.09,12,4.95,51.6,32.8,8.0,0,0,0,3,0,1.0,2.0,0.0,2.0,1.0,Wolves,,3,6.0
554,4.4,José,Malheiro de Sá,-0.2,Available,180,GKP,0,0,0,0.00,0.01,8,2.80,53.0,10.0,0.0,0,0,6,0,0,2.0,-1.0,0.0,0.0,0.0,Wolves,,3,1.0
555,4.9,Saša,Kalajdžić,0.0,Injured,0,FWD,0,0,0,0.00,0.00,0,0.00,0.0,0.0,0.0,0,0,0,0,0,0.0,0.0,0.0,0.0,0.0,Wolves,,3,0.0
556,4.0,Tom,King,0.0,Available,0,GKP,0,0,0,0.00,0.00,0,0.00,0.0,0.0,0.0,0,0,0,0,0,0.0,0.0,0.0,0.0,0.0,Wolves,,3,0.0
557,5.0,Mario,Lemina,4.5,Available,449,MID,1,1,0,0.70,0.35,14,6.78,138.4,56.0,60.0,4,0,0,2,0,2.0,2.0,5.0,10.0,1.0,Wolves,,3,20.0
558,4.0,Yerson,Mosquera,0.5,Doubtful,441,DEF,0,0,0,0.33,0.03,12,5.63,110.2,27.3,21.0,0,0,0,2,0,1.0,-2.0,2.0,1.0,1.0,Wolves,,3,3.0
559,4.5,Nélson,Cabral Semedo,0.8,Available,240,DEF,0,0,0,0.01,0.14,5,3.17,36.6,16.3,9.0,0,0,0,2,0,0.0,0.0,2.0,1.0,0.0,Wolves,,3,3.0
561,4.0,Pedro,Cardoso de Lima,0.0,Available,0,DEF,0,0,0,0.00,0.00,0,0.00,0.0,0.0,0.0,0,0,0,0,0,0.0,0.0,0.0,0.0,0.0,Wolves,,3,0.0
562,5.5,Daniel,Castelo Podence,0.2,Unavailable,46,MID,0,0,0,0.04,0.01,2,0.70,3.0,1.1,1.0,0,0,0,0,0,1.0,1.0,0.0,0.0,0.0,Wolves,,3,2.0
563,5.3,Rodrigo,Martins Gomes,0.5,Available,115,MID,0,0,0,0.06,0.01,6,2.78,9.0,6.7,14.0,0,0,0,0,0,2.0,1.0,0.0,0.0,1.0,Wolves,,3,4.0
564,4.4,Santiago,Bueno,0.0,Available,8,DEF,0,0,0,0.00,0.00,2,1.15,0.0,0.0,0.0,0,0,0,0,0,0.0,0.0,0.0,0.0,0.0,Wolves,,3,0.0
565,5.2,Pablo,Sarabia,0.2,Available,28,MID,0,0,0,0.10,0.02,1,0.32,15.8,3.2,36.0,0,0,0,0,0,1.0,1.0,0.0,0.0,0.0,Wolves,,3,2.0
566,5.5,Jørgen,Strand Larsen,3.8,Available,407,FWD,1,1,1,0.84,0.39,11,4.65,67.4,42.0,97.0,0,0,0,0,0,2.0,6.0,2.0,5.0,2.0,Wolves,,3,17.0
567,4.4,Toti António,Gomes,0.8,Doubtful,270,DEF,0,1,0,0.00,0.24,9,3.84,48.8,13.3,8.0,0,0,0,2,0,0.0,2.0,1.0,0.0,0.0,Wolves,,3,3.0
637,4.0,Bastien,Meupiyou,0.0,Injured,0,DEF,0,0,0,0.00,0.00,0,0.00,0.0,0.0,0.0,0,0,0,0,0,,,0.0,0.0,0.0,Wolves,,3,0.0
642,5.0,André,Trindade da Costa Neto,1.3,Available,170,MID,0,0,0,0.06,0.02,4,2.63,28.6,15.0,5.0,0,0,0,1,0,,,1.0,1.0,2.0,Wolves,,3,4.0
655,5.5,Carlos Roberto,Forbs Borges,0.5,Available,4,MID,0,0,0,0.00,0.00,0,0.38,2.2,0.8,8.0,0,0,0,0,0,,,,1.0,0.0,Wolves,,3,1.0
